id,prediction
6825100015,511259.0689
1698900195,721008.8957
2848700585,292396.774
2597690050,346322.1358
8944600200,518467.8063
3709600190,337536.0857
4309710240,739136.3766
104550520,249980.3855
1211000070,775716.3354
5248800440,231211.8722
7633400110,268679.8008
1535204165,507036.2335
9528102060,500994.5772
6822100305,589319.6471
4365700330,269606.4647
2663000345,1040482.038
3390600025,384268.4581
1773101050,264207.8736
9828702666,440071.2401
6058600385,337341.1681
7575610170,324524.1574
7852150220,393320.3312
1079350090,329542.244
9835800750,274606.0432
5016003146,924142.7393
1266200120,668662.8647
1245500099,710521.1642
6821100125,416987.4787
1324059104,678724.6424
267000130,520066.7749
1437900020,386587.4186
8073000495,468142.0097
7856410430,1475722.517
3783100080,249625.4298
3384300100,216017.3049
7853300290,461695.0799
952003585,650541.0024
9406500310,257638.0107
5739601300,572652.5349
6117502220,1094212.283
4141000060,1352742.433
4030100005,1455688.242
3762900010,485204.7176
8122100690,437196.6561
9523103590,544537.6417
625049274,575710.7558
4415600030,365530.0469
5469501850,403102.7823
4331400190,315462.7551
1498301213,446105.9577
418000010,192371.7917
946000295,454660.3932
3621059043,538102.6644
8682250090,683180.1002
1117200170,1013348.166
3738000070,1670632.259
9269750690,228921.0091
393000311,347624.8799
1250202324,755304.5113
7236500025,364556.3925
7149400450,264611.4245
4019300195,792715.4198
3329510200,262018.7197
7340600827,202721.2587
5200087,525704.7555
641900050,443644.3581
3083000365,434258.0489
7849202231,323065.7439
2051200436,634616.6251
1939130420,641072.6623
3629920630,643735.0038
8029500360,364198.767
5560000540,197188.045
49500090,346174.696
7923000360,521989.4708
3151600035,177191.7315
2326059099,873861.1206
225069017,730638.9703
9477710160,406776.1579
1895000260,283987.9765
4318200405,775873.9654
7764200030,422167.789
3787000120,545372.0551
2490200615,379438.9385
3761100276,705662.1901
3123039063,275669.6203
4233400280,320060.4924
3361400190,199367.2508
8835800480,603097.2896
7420100040,661557.6072
2324079073,716628.1262
924069042,356690.0322
3949600090,309038.6781
3574770100,531116.1035
2695600455,370444.5341
8964800860,1420164.688
3223069019,313057.8311
2472920680,477957.2614
2538800030,262562.7664
723000114,1483838.938
5652600605,593496.5856
3438501100,337807.3973
6154900070,560581.3486
7548301056,409813.0866
5605000440,879648.3186
3931900580,933754.784
2125049139,1233978.844
6635000110,627461.1242
9238450430,284052.6707
7768800270,772433.9433
7996720050,537397.856
7504200120,475413.3781
7893800250,406765.2737
6654700240,326391.1512
9828701507,692737.9187
1079450410,461023.5105
724069059,1762254.686
2724069117,423813.0499
3860900003,1121995.418
1623800440,520602.2137
7923700020,467371.1359
2895800780,333165.1175
5104200420,328648.8147
2826049091,286055.4971
5028600550,222197.6458
7635801032,306606.1939
3438501150,242597.276
3679400474,277333.5679
5412400170,241749.5794
3298700840,208898.8619
5457801925,923306.1208
9268850130,298765.9256
2122059199,417290.0353
1926049355,450043.8421
7853220910,533477.8883
2143700830,299566.761
3332500265,283162.6983
5116000250,380166.693
3797000680,533718.2691
1872900076,1019599.294
7760400480,245929.1417
7973202712,195536.8318
6815100370,767131.9925
255460330,386934.8959
3211100240,344772.3516
1561910190,411179.247
3062600050,695848.3657
8562770320,515168.0144
3401700150,1283414.162
6893300295,478898.2807
6072000440,632272.5705
3818700190,476465.4986
3522049063,587290.8374
4094800260,1816139.85
1124000050,405755.2673
7702080110,576416.6578
8682320320,433581.5113
3918400013,335246.3193
203400090,908866.1762
6752300120,282386.2958
821049149,266247.0014
5634500775,511287.4484
8562600500,483295.6544
9315100030,186291.2329
9510920120,822488.5025
5641300220,381091.834
926069192,854867.3554
1423049019,161085.314
1140000050,235921.2315
9290850810,982300.226
7137900320,220591.6266
8860300220,561216.1136
9478500570,307313.3147
3066400080,733748.8139
1074100020,340585.857
9521100866,496083.5212
7809200005,358055.2969
5468000180,304574.1362
6690500070,677558.4125
6052400575,218980.6596
2825059256,880251.6803
3224800075,239806.8736
3211580210,363022.1229
8165501620,349669.5715
7272000980,267039.7397
3524039204,967206.7858
339500160,775939.7761
9536600010,598698.1677
8731981360,370055.297
6678900150,731579.5778
4141800030,736502.8578
9269200540,480833.963
1898600100,188120.1064
7527410080,615392.323
6738700335,1185526.185
1025049254,707243.5888
1124000005,547456.2776
587550470,626613.8022
1211000280,375929.3366
7852030310,428208.8833
7616200050,529768.9511
1061400360,266666.5251
461004095,498867.8488
2622059062,588894.5365
2767604551,456856.252
1725079047,479296.8276
1773100121,229248.419
8653900070,823387.0724
3832200070,254016.389
2425069069,645840.7089
2144800146,304766.244
7340600735,337536.1118
1000102,290942.0118
5422950170,407472.8532
7419700010,683977.9586
8812401450,757832.9747
2723069052,791139.829
2558730070,415738.5842
8080400045,637260.2371
3878900395,327202.0941
3222059187,360995.5772
4036801070,387827.7178
7437100570,308575.0531
7212651100,424225.3994
4322200105,301767.8648
1829300130,834556.6072
2794700120,663548.8031
2798600240,279642.326
1025039145,929655.8011
510002506,406010.5988
333100265,849074.6335
1180002735,233339.2962
4310701577,507284.3828
6744701310,1787304.782
3277801411,442660.1303
3416600185,670953.0112
7147800015,261183.6561
7214780050,681675.6467
4010800110,364308.5767
3275860270,790619.3238
2525049263,2425707.805
123039336,188405.7144
3558000170,298291.3037
6154900130,301176.0029
8864000440,175459.1265
7856400410,1018116.493
1807900300,628094.8197
2397101460,687232.0524
8680500220,577639.5119
3317500100,1314475.109
6071800100,675149.2356
7813200115,183638.048
7625704005,567481.8963
7750500275,329837.1444
6061500130,844157.1191
9201000610,793494.1194
7732410120,757770.984
4038500330,477362.9839
6021503885,387071.5274
3584900160,562306.3052
6412600005,391865.5574
5332200375,995867.8093
2310030510,307650.1783
5255700160,511181.5123
325059286,690876.2894
5714200140,432737.6485
9164100035,516308.986
1424059022,1211276.306
1999700045,334545.034
623049341,241084.2921
6645900010,1242020.964
1794501390,867723.2921
5101404351,593273.4443
5316100920,2315711.655
7551300060,452742.8214
9476700035,477154.435
3581000340,353778.6944
1015000050,698324.2718
1950900245,204397.9963
8687800065,288903.0082
8682262330,408644.4013
1954400510,482698.8428
9407111220,281029.7213
5490210510,446459.126
6430500182,903897.5794
8682310470,488132.4793
1005000250,264751.5243
7772800020,678334.1539
1651500060,925552.3762
3329510850,266213.7861
1788700185,178829.8863
9839301060,639036.7064
7202310040,573916.291
1898700310,189863.3821
8005100360,161684.7773
6056111063,272088.4619
5419800510,242171.2452
1608000120,374311.5229
7843500080,334502.046
1630700276,431899.2987
2254502445,413261.8239
2768000400,782237.1722
7920100083,377223.7722
9201300050,1434783.461
325059086,828100.3544
8682261440,464587.6329
3760500240,424356.0788
7015200790,668231.7125
8563040160,607621.4801
4435000145,225330.7965
1702901340,524066.8589
2621600015,204003.8997
8078430030,498316.3026
8087800480,515920.237
9542800820,263360.2821
4013800206,206181.4266
4022902505,482819.6372
7100000250,310415.3781
3874010220,241029.6934
6003500995,647296.9726
255520180,657353.5335
7511210310,836338.2936
9275200080,229086.9844
5035300871,788318.7964
4031000250,194889.0759
9550200650,443709.3536
9282800075,301281.5092
9353300600,319074.5717
619000100,400570.4877
6117502455,298714.4157
2787700030,352315.9905
9532000010,475638.443
4307340130,409843.7009
3693900245,460767.3975
6303401395,260918.7134
507100005,390939.6231
7968460110,276222.418
8722100810,917255.7049
1003400250,213183.2846
3832050890,282292.7623
8024200683,445762.927
4310700665,680502.2962
3226049565,636198.6791
1561600095,1011573.423
291310390,329422.689
8146100410,670137.985
3523069047,656316.9768
5557320030,242044.1332
4364700105,320005.9852
726049217,434154.8615
6777800150,269935.2593
2954400520,1333368.573
4376800010,555346.9424
2599700040,175442.7121
7853301240,420623.9328
5706000070,626318.4199
6600000217,1696964.47
5561400220,707607.3362
7569450480,282466.2181
3904901520,404438.3326
3204800040,388188.6862
6021500320,606323.7569
6802200280,280053.7351
9276200850,462395.6701
1568100220,317978.1047
421049254,193103.6256
2595300210,468970.9594
254000545,344295.3732
226039075,674676.8657
1795920250,624308.6555
2407900200,452547.2853
2009003136,313249.1671
1402600040,364112.847
9532000170,471883.604
7227501369,356572.984
6046401105,479138.3699
3579000440,489370.0703
2895600420,249950.589
8058500005,363101.1176
9322800260,573028.9182
3278600750,380527.4046
1118001645,1341855.157
3579700100,393986.9787
1498301672,480227.533
8835800450,770966.2223
4331000265,326152.3737
1560920370,511680.2556
3523029077,304472.7356
5631500868,589805.9275
6371000079,575492.4274
4154305575,657222.4001
4136950140,276938.6302
1330850130,868473.2161
5027800190,448517.0342
2129700320,288149.3075
1624079024,711568.4405
7199320570,495980.8744
5469000140,382959.934
1454100010,226132.0825
7880010150,935848.7078
7955030010,349327.8913
3904990260,497307.7401
2322069168,506475.7784
4232400110,949501.2153
774100475,486791.1299
1246700136,496471.4166
8899210090,305104.3797
6671900130,431548.2214
8562770490,509321.7691
1687000200,312475.4495
1626069139,467632.7806
3524039224,838022.1834
9465200405,417305.2291
3629700020,493822.6361
7787920180,543151.4885
4318200360,406984.6071
8827901415,656682.0353
6372000101,445270.4517
3579700015,357907.6383
522069119,472639.7534
5634500415,406300.6984
7385310040,603898.5698
1623089025,442978.4614
2572400100,429963.6157
3295710150,260678.5589
8562400025,697688.2245
6979900080,704845.7758
546000045,404253.1843
4397010350,452713.2732
5700004040,1220528.968
3343903611,588729.9483
6003501535,676114.2127
1559900140,355197.0368
3904902430,720187.1007
626100023,559074.2161
3205100080,395165.3832
326069101,600595.3164
8946700100,398958.8637
7696610270,223825.2537
84000335,313812.1634
1186000095,777738.4575
6600780130,368903.6864
5364200620,891738.548
7856700990,592623.6732
3343301385,746156.5808
2011400791,261974.0663
7732410390,745791.3307
3835500195,2707921.717
5469500640,562943.0744
5634500392,564223.0083
3022079094,630701.1679
1776230180,438005.9904
9297300055,811885.6653
8155500110,613293.0437
727500030,673488.5798
1523069022,448996.4824
3904100065,305415.6401
6430500186,610392.8567
7625703885,873725.0298
1771000430,285825.3012
9421500010,509253.44
3222069151,286943.6274
1090000036,752204.2856
3579000410,446104.5877
3021059276,289402.7059
984000450,300322.5112
2968801085,337399.7334
1863900225,214415.7483
2769601250,493773.7358
2413300980,323885.0441
8563000770,479031.2383
1149900050,851767.0034
4038300010,406523.5518
2025700130,281774.6996
421000500,201362.9988
3288200470,510189.684
7247000035,309966.3594
2768200090,811700.1267
5729000080,329085.3066
1922059282,352181.1931
2619600010,553232.9102
1787600164,351144.0246
5592900015,427190.0885
1443550080,458058.3926
5101408889,571772.0585
1310700210,298960.8036
3235390100,337926.1463
9528104985,493886.746
7831800505,278010.338
1253200290,248220.8788
3299610240,916495.2264
8127700845,396034.2616
2201500240,424953.6043
5102400035,492247.4372
6600220150,478373.2202
2919700735,777300.4808
3224900130,218990.3933
1138010520,384109.7986
4038600300,727777.7219
1321970240,293195.1037
7686202065,276501.0191
624110020,708428.9354
2126079014,478870.5518
7304301005,290135.8711
4048400185,275266.5111
8929000230,487881.2799
4302700559,328958.7458
9550200265,496016.2813
5151600040,310890.302
203100690,815562.0537
8018600870,235801.2459
3904960910,658697.6326
3304030140,400038.3497
6450300673,307232.5349
3422049088,267879.6984
1921059213,284462.9944
2599001010,203688.156
4017050020,506412.5362
6669070220,781011.7695
8927600070,554359.957
2781230230,487022.1312
9831200186,860423.141
3395040920,340194.8516
2163900081,839956.6088
2979800520,704126.2986
797000330,316006.6599
8570900162,275803.2685
6705600020,913256.0344
2895800770,319896.8803
9808610190,1340970.018
5205000250,338574.0623
6181400920,272328.1987
269000221,832074.3793
6632900574,451703.7752
2206500105,362503.7149
9282801450,338922.3716
2589300170,371788.6338
9471201175,1352853.725
6600400260,232088.6387
4358700100,389617.8998
1921059303,311723.5214
7555210100,804975.2718
5015000596,1027197.515
7203101590,351133.3274
7983100150,181321.0573
2597710450,376120.4198
7853220390,837326.7133
1426300842,391450.4526
4246000180,449748.1581
8129700565,623393.695
9526600260,653753.0599
7986401275,759617.8659
662440020,433398.4422
475001295,646877.7163
8663370060,409453.735
9542400075,804793.193
7787050180,611870.705
8682262400,422929.8083
6403500570,477013.5597
2770602493,506894.4006
2310050110,345825.5359
1837010010,523836.2816
8944550100,467686.6362
2810100040,420715.941
6084200060,391846.8086
1624079088,639935.5128
7203600530,453795.5419
5423500240,179346.1799
1254200835,562069.4743
2331540070,309760.6091
7202330270,408643.3073
1959700225,692161.1252
2600130020,815397.9121
1005000240,285423.6835
3211100730,333140.5866
1245500286,467075.0167
9275702405,988702.3799
6624300110,318008.7557
5711200170,557863.5394
6679000370,260120.7169
9528102996,502694.6984
8651443420,284560.645
3294700101,234810.0377
3668000070,210567.6
6413600276,343940.786
7454000295,251598.4694
2887701940,527027.048
7203600040,579955.8646
6362900145,482290.7731
1250201130,468218.905
7732410130,692806.0873
1402950450,312502.0948
3558900450,453133.6466
8648100030,255363.8926
2597531110,842323.84
3186600515,788612.4368
3886902950,1051684.161
3024079057,448398.6452
5608010980,948087.091
4443801495,575859.1825
624069108,3210740.551
2158900140,840915.9876
2481630030,998956.1965
8562970040,762208.5696
3530200020,735126.3483
3760500280,979035.5671
540100057,1604652.696
3832050570,312166.9037
7852150720,408124.8441
7772000010,461960.5801
8643000190,283551.3363
8691450120,889280.629
6791400100,324059.1681
2051200506,308231.9296
7853320280,410802.0176
2822079012,363512.8682
9510910250,629028.2892
1266200130,789952.3042
1788800770,146422.8099
5452301785,1699767.422
847100078,388234.6256
2296700050,523723.5351
3241600027,393992.2125
3278603000,582348.2219
3630180380,723090.19
6813600605,1001968.052
7852090680,515790.3082
6820100010,516678.3867
7701700040,287360.2079
3374300030,441263.8484
3303860130,479416.0202
9465910190,643295.3382
8859000045,457929.1239
6388930390,664491.1067
4427100030,414275.0484
421000285,293086.404
629000605,1476056.784
7773800015,507778.3333
8862000075,188369.8948
9521100465,483824.6524
8682211030,415909.9765
486000565,1025963.015
9500900060,254849.1486
5437810320,301751.2011
3347401315,278706.2182
269001331,1075912.636
1560930070,820480.2252
9808630260,935179.5038
7299600130,298932.7334
4019301500,440618.6897
9276201190,526210.0208
6861700156,1078136.678
1543000060,467190.8105
8731981940,337295.44
1762600090,1237827.403
7202290140,417674.7959
1154100205,257551.321
2726049150,472362.9951
7967200060,228932.6104
5602000275,265949.0582
8956200760,455539.441
2626119062,275392.5833
4178300080,789708.5012
8084900160,2402197.324
255400060,817084.3907
9492500010,888008.8618
7221400320,195920.8466
4136930190,423505.1194
2597520720,769495.2332
98000960,1149806.809
8099900490,433663.852
7663700401,488823.2825
3362400511,473338.7929
2525000220,346470.5398
624110610,759245.7008
1467400095,373096.041
6608500260,421790.0621
3883800011,220924.112
8680300010,342544.7168
2872100345,921221.6515
7660100336,355159.5208
3179101945,719932.0844
3352400905,254278.9536
3438501862,311880.5394
6372000280,533367.3152
2558690130,475405.2038
8635760480,530462.0581
9392200030,263773.8269
9301301145,533730.4431
9264921110,295128.5812
2325400040,350909.1941
8118600080,376063.6204
1753500100,287767.2611
3260000120,484877.3815
7752700110,436533.3073
3751600784,310422.9282
7579200765,497857.222
5631500866,522640.7305
8650700090,1106086.173
4443801160,373332.6124
2474400250,325168.2682
4040200490,456623.3052
9264921140,302187.6494
3353400120,174268.6968
6127000480,760597.551
7812801125,213159.9988
3331500485,266762.5067
4435000705,222573.8969
6205500030,479173.3359
1023089140,458471.8148
5272200040,332446.7437
8035350010,538627.0713
9211500730,243232.1512
5244801230,759481.7887
4364200250,390104.0269
2324039077,370938.8703
9212900260,447785.8491
1432900350,293117.749
2115720070,252945.5791
2616700450,216172.5526
3438503021,462999.6
3885803895,587425.3014
98000740,1209750.516
6163901913,398263.5999
6818400110,281085.799
8835200330,425259.7992
5419801120,297640.3849
8565900160,977621.9066
3034200399,595932.5976
1725059187,532753.5272
7883601155,275977.1555
1024000050,897600.2774
9828701745,399255.8145
9133600120,358161.8295
6749700002,460867.3589
1796370730,246761.7882
1545801850,246115.9498
6064800470,399892.1585
3558000130,342233.7852
7853301400,677386.8107
5406500480,570519.9068
603001045,289186.8156
6073500160,491535.2248
6814600355,695493.9734
2768000270,503172.5227
8122100235,313105.4458
1138020200,361009.9197
9828702812,550052.636
9274202885,505002.4257
7445000115,657287.1003
5088500210,441385.6746
7212651950,340204.6557
8084900195,1360331.933
5379804537,253924.2963
7211402105,165035.695
9289900065,436801.9209
868001790,720762.7538
5078400210,828984.4653
4309710100,839743.9935
5416300230,730630.7749
1139000215,353240.4236
6137610620,618450.0646
2206900065,326228.1057
524069020,1150797.355
5149300200,232941.2762
2922703260,469150.5079
3322049126,219944.2379
6710100131,939386.5302
3387800380,254225.3232
7501000340,1123377.63
2460700260,282947.7821
3885804225,629320.044
4046400440,607600.0336
8732131090,308802.1709
624110050,758951.7595
8651730580,495291.2525
5132000140,250234.4961
7518504130,538008.8172
9407001500,316180.0186
3362400094,527491.8815
1163400020,278995.8996
8091411040,268594.0407
2215800050,910991.2962
4139430810,1156526.747
293800900,814159.9586
7714000250,452923.0102
6117500955,430514.2286
1250201175,387125.4838
8651611110,847368.6134
6620400025,244716.4361
263000253,559513.737
3095000095,432798.4118
2087700115,594055.9012
9530100921,480845.7285
7387500235,313485.6799
9144100158,526026.0842
3861400061,797161.8618
2322069116,413611.1033
203600140,540353.2943
1545804460,285104.2626
4047200265,260485.6644
6600060120,410768.4896
7568700525,273447.8726
2767602356,773926.6604
7604400150,340201.7003
2616800050,673153.6794
8665050060,445245.6491
2115200160,419760.3395
2391600555,378987.3502
9122500080,305712.7358
303000445,238020.918
6121000090,262549.6795
8928100025,674284.2481
7867500021,381754.2628
1454100650,855105.2759
1623049133,250024.3362
2944000240,1174931.845
1549500370,308803.154
8078400020,469287.7834
9510970530,660492.3843
2968801105,250163.9195
2366800055,243076.6443
8861500080,639089.3638
3629890190,1189121.315
7853230570,424605.8674
1697000400,208201.7724
1865000040,401642.5872
9478501020,279643.6936
3294700310,184062.5496
8079030350,447444.7062
322059161,257607.333
425069104,769991.5277
7853302110,435378.4281
2781280310,303145.1627
1423069129,520959.9551
869700050,337504.3934
1454600038,990011.0987
6392003490,457515.729
5454000010,900515.8503
1226039124,494766.5895
8643200055,251551.6556
7129300175,308110.8941
6699930440,386728.0029
3031200205,427179.8546
3741600020,566702.9806
2124069115,1601495.985
7278100690,558146.1692
859000160,333355.3675
5469700052,261011.5111
7518500855,543856.1742
2770601696,565186.1637
1951800580,772996.5558
8078350090,569722.3146
8562790950,654548.5659
431500155,610407.7097
1839910470,449596.964
1324049015,2555542.794
5422560930,507989.5795
3211000930,313512.6164
2688100071,511446.6882
3211100450,296031.3433
7549802535,388257.5175
2708450020,498735.5992
2267000730,537317.5559
567000380,318942.6037
6788201440,831520.4164
3355400242,245223.9774
3333002450,239838.5844
646910160,245345.9104
9274200990,553064.6801
1233100601,381464.4844
9523104345,1072636.458
2028700575,556389.5307
9510971070,644105.9896
3876000710,420522.2827
4028900048,486926.957
3226049530,607396.6473
88000591,206554.0003
5425700205,1759242.171
1760650950,283283.2239
2436700315,560121.4422
272000620,321955.7981
682000030,936163.9072
3876313040,422165.3588
8732190460,268630.1335
9523100459,542219.2333
808300180,480857.7787
2354300456,257018.0027
5112800060,350592.2294
3039000050,578761.0253
9362000040,3062844.707
6073240060,507292.2933
8964800390,1096489.933
1825079086,766437.1834
8946780080,769307.6851
9468200109,1377616.159
2767601390,625575.3838
7231501610,284759.6403
4305600360,464548.823
7941130110,330913.0343
2473400340,296059.5004
2325039084,661426.0301
7852030790,510118.3004
2472950170,378292.0048
3022800010,368784.4702
5493110020,2259770.599
8965400210,836763.3637
3275850190,796778.857
8075400100,275675.3314
9542000275,641634.4902
2791500280,260085.7491
8562890560,381647.4285
9274201809,560266.0911
3821000100,266103.1906
1954440080,504458.5238
1737100830,711219.5715
2523089110,875802.6317
524069115,822888.004
4443801285,450622.54
8078390150,702804.6156
2855000110,359021.6981
3438500742,426618.4381
3577000116,665917.019
7852150200,367592.4846
1853080840,827747.5262
1868902745,737564.4805
3584900090,528373.4626
8113100150,276455.4362
7702600949,517334.1783
1314300046,317485.215
7696300180,458987.5152
1137300690,721876.6909
8956200770,518545.4169
3626500045,755043.6704
1928300620,514755.8373
9429500146,684919.5299
7104100065,471858.9473
2493200015,425213.2269
423059207,304563.8348
1402810150,283503.9959
251300260,290254.1679
3876311860,404595.9474
2273600410,566986.3768
2025700260,277452.7717
7784400130,490331.0845
7852040080,477307.8289
9547202265,897683.9484
3584800010,379517.1808
3904940140,575604.8569
2558160220,393419.9973
1231000458,488339.3306
4038300070,435750.2268
8121200530,508513.1369
2291400342,307550.2659
2768100510,641681.7526
5366200205,492904.0409
8698100115,288579.978
6370000005,467906.6308
3352401476,198563.6194
2770602360,680666.3467
1026069061,852096.0337
8864000735,267916.2612
6338000592,521541.3581
9465910310,629267.6861
117000001,623455.8433
7000100850,789119.77
4379400260,630190.0547
2895810200,279411.9337
3876800710,288679.3914
5647000060,372539.0934
1282300105,322187.095
1959703070,894993.2285
1180005050,344478.9838
1788800630,152131.0264
9211010320,510017.456
984200590,251908.931
7276100282,506837.4386
1875500060,359103.5949
2125410210,476298.5325
1492800296,526415.6521
114700150,236169.1179
3438502066,313458.8559
3303700221,690638.6474
7940710100,488204.5287
2725069156,930682.4454
1370804446,589370.7094
1930301015,796738.685
2896000680,671496.2081
4217402162,1272588.688
1920079039,231586.1668
5021900175,539486.574
2212200100,316986.1796
9558020840,338784.0506
3530430155,227353.3536
1624059093,594490.5165
252000300,263201.3475
241900020,360631.7777
2329500260,244814.0482
4447300137,895299.8445
240000031,298528.564
8100000110,276349.4297
2524059267,1136052.913
1402900460,346852.9462
3362401000,699753.8971
2768200210,509451.4095
6600220090,432602.1465
259000240,521316.4667
7853250090,590711.1573
1703400470,318320.6939
1622049140,259130.9129
3904901190,574003.3338
4139430250,1678240.16
2561340020,436914.1069
6870300090,478430.2773
323049176,429708.7267
2473420100,309765.4
3959400335,383258.409
179001425,224077.3371
8691390460,684842.7576
7625702440,417316.8137
1775800740,389977.0617
2641800060,227436.2941
1771110070,338551.5423
6806300920,491223.1923
8122100290,317539.3869
9537200037,292926.6298
5672000020,270927.9304
2112700895,229962.8062
3277801431,301400.9229
2798000020,1215866.743
2652501630,621589.1129
1438000360,447750.2334
6145601599,256549.6883
1761300310,261328.1752
3790600080,379215.2782
1925069099,768844.5294
3226049478,536677.5866
9477100620,371798.9419
8679600150,593993.8116
2436700666,642220.1515
2273600250,513601.405
2922069134,369221.8944
6632300212,413199.6338
6379500216,423816.7436
3374500290,319559.9824
7624700050,463551.2846
4137060270,339821.8276
7130300690,398958.3338
7234601544,672855.2609
1423400160,203987.8665
5561401220,743417.1133
3888100176,579038.5066
514500090,547998.894
3298700012,220480.4819
3526039193,945274.3838
2551500180,272100.2436
4030500130,321629.4053
4358700135,486461.302
7812800775,231842.0544
7334400070,346369.6579
6151800300,452873.6615
8651611980,944878.9987
1099900120,317166.8415
98001000,1390527.761
5029450200,223629.7729
9542840120,253887.4269
8857320030,584052.7961
9541800010,888329.1149
6021502470,529308.1285
1623300765,424318.4084
6190701483,400776.8489
9407110710,271186.2268
424069264,711952.9407
4389200876,1230556.753
4364200125,458631.2025
7199340620,480984.8555
3997500130,239293.4641
4443800505,628214.2168
6683000295,368730.6787
1321710460,312358.5427
2916200065,419700.335
2925079012,689422.4819
6181410950,271262.6407
7853321110,403151.5658
5528600005,398469.7523
1862400132,402692.7073
5361700020,371377.7581
7237450110,376749.8957
4014400190,354871.8077
2587910180,271557.9503
8651611130,867847.6146
3123800080,441152.7234
3221059036,451744.3425
626059276,602643.1059
9828201920,422738.7115
8820901792,841763.4672
6608500290,511007.6966
1623300160,488947.5373
4139480200,1415644.905
9523100712,511197.5127
7197350050,503411.1809
7855600820,670222.9384
1843100540,377590.5749
5083000375,225821.4805
2771604120,1341954.863
5694500497,516881.9571
3826000560,215640.5883
4389200796,1471991.694
1760650670,233254.9315
9422400035,705390.1899
8563050350,622409.1705
7135520300,1187061.444
191100235,970812.7556
1725800280,407667.5703
3332000195,183819.7778
4331400090,293552.9861
3145600045,509815.9541
7853370100,667123.788
3278605590,444322.4118
2781320100,293209.8168
7851990120,1225282.465
1773100922,326958.5635
7853340860,424116.6489
4139400060,886966.4736
1239400570,875249.9018
1081200350,397325.8943
4038700730,572317.6383
2023059052,259060.175
7227801580,293283.5377
1423089162,358772.9627
7197300105,488216.3444
6403510130,504432.5847
2570300090,381749.0982
5255710160,478620.4444
2767602720,555587.9004
662310620,402784.3036
8946700140,387752.0375
2459500310,297838.3755
2767604253,432874.0778
7812801115,209841.7345
2141200030,660454.0593
6905200215,1055396.109
3388110230,245695.2057
2806300065,1694726.655
8562770080,514296.8049
9474700020,264086.9456
8914100170,575792.0991
7300700050,323699.4688
293720140,406110.2099
6392002635,546883.9362
8691430330,1034227.252
829000160,379833.6996
587550010,598503.9434
2470200020,1842704.129
3296900280,423904.1243
993000327,463347.6402
952004725,290396.3717
686800065,1146269.58
2121000300,501361.8653
2024059052,917864.4044
8691370330,683831.7634
3307700150,703028.5135
6669100070,1235070.895
1024039001,870202.467
6664500090,797359.7632
3629920030,430090.2229
3630120480,613960.4981
5469501530,625865.4362
1525200060,572127.8938
2423029009,664065.0793
1788800610,142841.647
7334501410,345876.5216
5137300130,327750.9717
7694200380,353419.4223
7502700060,425717.5879
8155830060,310815.1886
4046710050,396822.7935
5700000275,656432.399
621069057,538594.0063
1653500070,1201862.191
9578060230,483537.1191
9528104345,410748.5617
6679000960,342523.7427
3574801790,374098.2751
7549801140,215012.5647
2946003580,229317.8
2624049115,362034.2166
2426059076,590680.9489
3126049052,582877.6996
7896300150,347577.2762
3361401210,193382.7113
2144800615,225343.3842
984100340,286646.4451
2523039278,301975.6012
5415350770,597588.6227
6067910130,603911.3162
9528102865,703636.8743
226039282,514227.4278
6649900301,625909.6915
7524950710,489171.1047
1241500351,943403.8028
9269200340,452739.2457
6206100130,717404.6467
2422049104,157166.8583
5153900150,202689.5464
3826500020,277447.1673
1023059511,500539.8121
4060000440,190106.3059
1954430190,500232.218
7853240040,786902.43
9158100090,508624.3765
6140600049,369322.9334
1720069075,507964.066
3738900105,303058.3675
1972200698,513055.4397
7763400035,266107.0197
7504001440,601588.6367
3423600060,665641.76
984200690,299517.5085
2769602475,495645.4134
6072800205,1013414.023
2619950740,431565.0083
8151600973,489681.5116
8143100350,366660.8493
2223059099,274293.9355
7533800325,901098.6112
2788400315,235996.9612
2744600040,387983.5251
6819100020,1914925.347
8133300050,234350.1145
3295750550,280543.7515
2919200440,618055.6353
5127001320,344584.1487
6119700030,773575.9713
2767603608,466995.0529
1995200200,460699.1843
3977630130,217762.323
2222059099,248761.3595
6837700170,430438.295
7010700292,503971.9201
8945200860,194986.8403
2270000070,312982.7088
7203140270,410542.8483
6204420180,394545.4429
255450380,345983.1584
5072400100,510869.0635
2025069037,790007.6186
524059241,1153699.998
3834500195,538886.0257
327000050,1200112.765
3256400060,351793.5279
7312900060,275290.507
8732040820,290791.4514
3797310230,281240.2584
3644100073,309073.0749
820000012,459639.0653
1624049087,485682.6521
1370802600,1074036.664
3448700070,405326.6519
3290800215,459979.1068
2801910100,691124.3351
4319200620,364889.4067
1923000150,1215114.129
9268200600,360959.5562
1005000062,289989.8276
5210200410,923841.6715
6117500025,575908.0727
3279000460,214840.8069
3905040780,576953.1723
8562790080,733301.6695
3723800414,541185.4111
7504100110,754025.279
1924079090,575707.0975
7199330010,455884.2881
1788300010,179035.5164
3505100297,509917.9181
4137040250,309330.158
3262300818,2197264.29
1310900610,315224.6934
3449900030,459839.6773
3902100150,610882.6114
9194102188,683307.8855
8079040320,424903.6888
984220370,328309.5219
7956200220,164738.5543
8121100600,407409.9402
2223089048,391790.2589
7227501170,252197.0494
11501330,922608.0711
7229900285,378305.1072
9276200569,698068.6578
1321039076,161494.3246
11520640,788956.6587
1025079086,284985.544
8685500020,389878.9673
2011000020,256731.9306
1560920040,514304.8097
8731981410,330417.7747
8857640860,413209.9614
3629000080,211172.9017
3210700380,1026434.39
4307330120,341588.7412
6843300090,652433.4014
6672920150,335764.401
3630200430,648091.7052
5015001680,505328.946
7148000315,267256.141
7806500290,576920.1392
925059137,926593.6889
9828702339,642246.6582
8604900017,555393.2489
321100260,965805.6796
2472920140,469923.4489
7214700580,542757.1227
726049232,386095.1746
2881700231,384409.3331
2461900175,382695.2707
1773100541,327467.7467
9307300100,515244.8704
8127700390,1121843.413
9267200226,562472.6298
524059148,1809424.281
8945100050,206162.4081
179000100,168960.5061
3342101785,477628.6207
2026049067,462731.0761
6700390150,255478.2139
2726049071,279081.9186
8691440330,1140851.787
1795920440,584617.5106
1313300340,490396.1089
5205000160,356596.579
8567450220,489494.7023
6300500505,280718.1735
2141300620,618392.3711
7866000158,365344.7639
7625700935,865269.4834
7853250160,577692.33
3260000300,675376.4904
2425049063,5324055.902
9560700055,641663.5961
1233100366,568673.6588
3625059152,2793989.835
191100435,1133101.245
3734900110,247717.2347
7237301210,264694.4623
2978800120,454866.0086
3205100010,326153.7139
3630180450,742327.1277
9346920070,571686.5569
9485920120,326114.4301
7831800495,371349.8803
3992700775,445692.3877
3342700491,609890.4405
7202350060,412363.592
5029450110,209930.6864
6641020160,423725.9384
9828701690,724207.0824
1721801161,290087.2503
9412900055,418059.7277
5006000035,301913.3942
3241600150,344950.5802
2624039133,570010.2829
2826049160,390182.2842
3558900430,544253.1066
6021501685,467787.3046
1559900080,343218.8377
3885808035,456554.4128
9530101290,685725.0688
5566100205,474338.0279
4330600360,277792.1918
1959701890,887136.0399
7436300180,761107.861
9406570290,382159.8167
3425079088,611427.2345
522079027,345086.6121
7504200250,548903.3655
4141010050,1379618.991
8722101100,872257.5593
7923300115,479116.8336
9455200570,509672.4072
2767700022,535835.4134
2023700040,630104.9179
3882320010,602172.1805
2872900280,586778.9577
2194100050,1162054.138
6151800080,346872.3765
9406590010,418998.5168
7300400670,283555.5968
5569620410,732234.2956
2843200070,243682.5714
4337600280,346345.172
7454001405,255241.8402
4151800420,379957.0998
7922710450,760413.6631
1223039173,451795.4552
923049110,221900.4087
1446404015,187266.8698
2425049066,2020924.525
1931300035,625951.3
3324079089,1145672.604
1509500080,381715.34
1982201255,383206.988
6071900070,553358.73
461003835,826392.1233
7639900025,1179425.784
7697920060,271962.6676
3629700030,493827.9877
9558010230,309643.0771
8127700720,1034013.442
3959400135,310568.8244
7889100020,269888.6122
6071300180,517934.8835
2141320230,640919.8592
1498300875,435833.978
3751600146,203631.395
1598600320,297092.0072
567000672,394401.5061
7889600285,330817.5468
8682310460,413080.8426
1853081250,738788.5705
9520900210,549098.4884
5101400838,578920.3805
5605000590,1175756.385
2730000270,178776.889
1924069058,1066811.326
3715500220,385047.2502
797000258,338834.0131
1338800365,1553170.685
1524039043,582554.34
3625059166,455125.8171
9253900271,2305040.556
6134500070,516752.7394
6421100342,719118.1292
3352400330,268296.9547
4315700390,393653.6657
7418000020,330777.0765
9297300750,391290.5926
9178600560,446226.5968
9828200187,433508.2978
745530180,862807.4862
6681500205,626436.4966
161000120,670046.1327
4027701182,362321.8549
4025300360,358817.7122
647100096,760473.4641
5104520150,424258.811
1158700135,548493.531
3758900220,1349265.917
6613000930,3107052.559
2887701420,407992.7923
3869900136,488757.8782
2800031,223812.3367
1561900180,408933.2289
9320200050,1512033.681
6206100030,446228.0198
191100250,720889.6734
9266700845,379065.2366
3625059109,910581.6444
1725079025,476524.6065
5727000010,293635.7703
6815100085,825503.0663
6192400400,778933.139
9195700380,383263.811
8929000270,459735.4794
2412100025,356296.1661
4046500160,427039.7051
8651511250,532083.637
2296500136,727078.2706
9268200658,368839.4017
2770601677,606827.1447
5467910140,353652.4903
2968801366,342548.4266
6123000225,258684.8987
6300000368,247153.4095
3223059303,533037.2578
3731800055,377700.4003
2422000067,269011.3774
6706600090,449300.4231
2966800010,320662.8386
3523069060,320156.0871
3876200070,440471.7446
9500900430,259987.426
7199310290,461500.2761
7853420110,605785.5663
3904990570,508263.2044
2754700170,483595.7285
7123400045,231001.8923
4083800555,459238.9019
1820069019,275170.0455
1389600080,249674.3128
2023049218,142488.0307
1246700251,964395.2074
822069066,358590.8934
7202330190,385839.1724
2767705010,596713.65
1523069151,436544.219
7628700050,717404.7518
8078520280,272315.0859
952005000,531037.2156
814000020,311082.1466
1773100561,306002.2385
7229800066,421378.3779
1545802100,289278.6736
4366700140,184129.3784
263000164,399363.665
7683800212,208411.1608
4365200895,358204.3576
9408300310,615299.0933
5152600090,275203.2173
2856100250,649989.3919
5637500250,342443.1329
2787460720,216517.6621
4003000285,585871.1618
1685200020,236754.5643
259700180,489061.1444
9829200855,728018.113
4305600240,454682.7624
9211010330,557727.6397
3886902615,710714.1473
421000555,231598.2735
546000875,498455.8674
5230000020,516461.3293
1760650880,287185.6591
5468780250,316514.212
3876312370,382198.8944
2325039057,558803.7019
2025700430,293992.4312
7952800010,528938.8779
7284900460,656454.6183
2721600010,982389.7915
4370700065,807731.571
7893203450,238436.7522
2028701165,443926.0116
8581200160,207953.9621
2877103615,824527.9481
16000200,251574.6326
4178300040,886564.893
8944550050,498348.9461
1822069109,377725.9399
2804600155,1005966.131
2741100800,239216.5714
2154900330,226592.5746
7695470200,661914.7868
7936500109,2242556.138
7207900080,461216.5035
6791400800,279642.0111
546000820,433884.3249
1604601572,293766.4187
9238440020,239176.8732
910000104,253992.6543
3622069095,637245.3368
3295730050,672998.9428
2212700180,281007.7745
2144800311,297692.9353
1432400060,188876.8385
4137000700,285464.6588
42000006,248668.9566
1870400615,607269.5387
2919700885,476728.118
3204930170,616831.2079
2332700060,793779.9406
3034200036,412373.0211
7137960110,306313.3129
2892600016,196729.2397
7904700032,421029.9075
5360200052,387309.0132
1997200060,392251.1228
4047200135,500024.4652
8682291940,422346.8109
5536100020,1027648.654
9284802045,320178.0923
8123710070,588944.0372
3013300409,416911.6135
9357000650,387700.8029
925059113,626816.89
2420069017,204404.818
6681500080,623496.6828
9485930120,371466.3927
7349650490,247588.4803
323059167,282150.5575
3522059196,343970.8497
3586500770,693655.9518
7935000595,985839.9007
2013800095,254279.0125
3901100015,515675.5388
9526500080,360628.978
847100021,533394.5034
1568100076,352817.92
3755000090,369233.6869
3905081800,543831.6478
1925069121,930381.7122
2540700110,2470648.269
5438000280,392484.5211
6388910280,641094.7741
8732130940,214212.8547
8562501040,422673.5609
3348401740,247725.7753
8081020380,1024700.496
1529300435,573422.5178
225039049,559371.2528
3410600335,321366.8459
8691310980,816289.2651
2887700805,505849.4191
5415350480,591309.949
4139660430,1077904.897
2769600305,960814.6502
8078430130,498685.2126
2817100430,376826.5518
8099600160,559721.5794
4397010480,439826.357
2688100075,589248.2029
8651400230,197836.2957
7967000150,282751.1488
7132300042,363878.628
8665900291,583119.1759
339600190,404998.4519
6790950150,818089.0612
4067600255,165478.0554
4232903265,654299.8408
3303990410,880233.2098
7461420210,259251.5783
1450900020,259319.6334
4310702858,549363.7083
8108600442,268957.105
2625059301,729105.1322
6600220490,516579.9628
7116500920,302440.9042
9212900100,534299.721
3629921060,783627.5387
2770606602,614017.058
2126049032,379562.3332
4037500230,490195.2744
2205500540,480014.5239
179003055,237266.6698
7625703007,315543.8895
192600100,423826.3702
8141310080,248109.5374
3630200460,691623.4858
6076500220,373347.4862
2946002914,283637.2971
9221400600,466198.3079
7550801207,485506.5441
4058800439,494838.5341
9834201366,448351.9454
1922059401,206897.6828
2122049038,299867.2558
3277800845,316652.9825
3293700480,457183.9689
6121800050,308585.4774
2568300045,370051.7849
3395070440,334976.9996
3578401210,597636.4034
522049074,333878.4653
9530101535,588321.5732
9558041130,315004.7526
3325069129,680370.7291
2493200455,334065.9799
3278606200,445378.5276
9547201155,500556.8271
9558200210,244491.4176
4441300240,1317776.049
2893000610,265804.6095
3523029059,266856.2557
2225069036,962357.2979
9578060370,497152.2056
2561360210,547183.9652
3630240140,573144.2816
3663500060,445167.6456
7011201306,1078771.54
8682281200,468101.2501
426059055,574240.4979
1251200055,1031769.941
5592900230,346056.9381
6699940120,395292.4351
3585900495,1217667.812
4046700110,379211.0373
2832100910,523912.6269
2891000010,251741.332
3448002285,482365.9522
1727500390,414357.6988
3885802134,674182.6979
7338200240,594213.4704
2225300149,378501.2261
3630180400,685001.7784
523049195,192029.3914
269000085,1208069.46
7923300285,581226.2092
7010700210,658079.1211
8857640420,344478.038
7889601300,279253.2223
8651520420,532102.4323
1442800400,300384.357
9577800005,786215.8034
7942100180,221351.3459
1665400025,311873.0844
2329600040,201528.1379
4218400005,1104809.178
2880100675,365635.0504
1545808110,284988.8546
3438501020,289326.2603
1796380060,251920.2585
1788700160,186596.9714
1026069044,730856.1097
2652500155,740306.3088
9407102460,287598.5556
5255200220,428825.3629
7657000540,212193.5936
3629870420,1080277.569
7852020080,659102.5324
5709200030,298869.8152
6662400105,368959.5932
6116500028,361670.3669
1453600182,278110.8362
526059259,336680.4626
8911000030,340551.4614
255520260,688341.563
1561750040,1210700.908
8827900015,598853.6484
6979940100,755301.9327
2783100050,377897.6593
421000430,240560.8023
1222069136,550518.6414
3333002302,461540.4874
9100000040,448908.3685
3832600080,258252.311
9477000060,445678.201
4122500095,1115094.171
6855700115,370941.9656
3918400017,375027.7236
8645500370,269607.2006
5502700005,342039.2035
2159900020,459541.8293
1782000160,313739.0059
3831000010,254424.4697
5145000190,327855.9132
5104200380,286456.7815
3204300225,673782.4346
1623049241,328153.468
9808700650,906774.954
7754900280,323976.8557
7972600450,353254.5712
2548100140,321025.3398
3760500116,1587222.32
1787600294,320583.8598
522059130,289541.8923
1725059209,688662.0275
7979900430,638321.8145
2607760890,455340.5869
9290850330,961067.0512
8682320900,498160.2805
7517500610,736744.477
2174503500,538477.0463
7849202585,162586.4063
6414100111,337373.1026
7708200180,478191.5969
6979910120,656964.1006
7846700310,244156.3748
9363600457,689505.2125
2408800130,512822.6493
3037200045,435173.4589
8073000550,1201466.802
3530420110,212621.4597
8567450060,486718.727
1545800290,291670.9424
3438502437,327676.1985
9323600280,817775.4792
8121200820,500022.3768
7575500150,195532.1778
98000980,1276184.084
4232900940,674929.9241
3013300017,462387.4869
5151600300,388873.0522
6072500490,538025.0631
2624049035,497855.3764
2391601010,419082.2836
3751603173,181535.8643
2568200290,782803.8762
1773100920,331453.6157
5078400215,1533744.904
2473251180,255237.2098
5151800015,371589.378
5379805910,338554.4384
9828200762,426051.5182
9268200440,460159.7076
5557500270,240704.8834
3296900160,421446.8095
2212200500,271044.5476
7977201865,524793.8465
3083000048,486529.9671
3023000200,364952.8512
9557300080,547157.1974
9809000010,1465124.226
7237500590,1145977.239
646910150,285434.9098
711000070,847353.5503
6802200670,254793.0854
6119200085,388217.3606
8078550320,236887.5045
9286000150,1436055.246
824059277,1269349.016
6150200060,355944.5488
5162100820,330019.4274
9526600090,659657.46
3584000310,233860.1471
3575200070,558669.8467
9232900165,379487.1967
9287801150,522694.2406
3288200360,520428.8452
3395040200,313757.3859
2921049121,328296.6708
7214400095,567040.48
952006680,457990.4354
6204000040,480399.8086
7849202296,340554.7252
7222000393,268558.0523
4083302485,629707.6562
2813100100,521795.7663
5592900285,480524.6021
5127000420,353296.2388
3449000010,295436.7082
3101500010,358655.5479
5101405340,455444.9246
1565930130,474166.0565
4363700365,426081.9215
3276200280,292508.6259
6600060140,388475.3412
4168100130,209883.9958
8562780530,299013.9088
3124059023,1949293.758
1781500180,355448.6738
3521069051,400746.3058
1402650110,375408.1179
4441300325,851004.8594
8043700105,2205234.58
2621760350,298142.5457
924069210,693821.8626
2329600280,227182.6936
9808590310,1545547.624
4046600820,400021.0216
7334501300,362308.7259
9222400605,734551.0317
1588600040,379360.9554
2115720500,253129.0953
8731950080,349663.6508
6204050040,454839.7763
2024089011,526209.5574
2414600126,315763.6104
9169600043,621351.2464
2887700560,639295.6764
9406550100,302251.3138
9839301165,609013.8116
6802200110,233405.3972
8861000095,852855.6706
9187200345,693100.3724
5708500270,469928.0669
4379400580,636674.2285
8835700330,935242.2375
832700270,313291.5175
1645000580,274714.352
1563103040,434897.7994
282500010,645454.5335
414100630,381390.8391
9264960340,359012.2875
2622029072,631486.9165
6706200130,333202.2537
8562800250,657446.4895
7889600230,195868.7405
3629960060,390354.9798
7523700305,237630.9884
3275780030,714943.8866
3543900418,893664.7842
1912100885,692750.0596
4254000620,406300.3379
7856700060,673316.3617
2738650030,592707.5063
8092501240,257462.2951
3343902510,607844.5532
4123810210,351227.655
4109600055,648358.534
9212900300,438232.0227
1939050110,446317.6343
3820350120,314279.8028
3296000170,639776.1953
1041500020,716779.0969
1370800825,1188969.289
1245003255,508242.9545
1245003660,586359.8023
808300460,385748.4172
6352600210,789933.8373
8946410040,399217.1636
7855801670,1752894.626
5379806155,210481.6945
1545805460,265176.1862
9324300030,258246.4609
1118000465,1440341.472
8044700010,563970.3548
3141600600,250043.3026
2619950400,414784.5924
7697860130,243975.8405
272000355,402709.4417
5589300205,354988.4628
1888120080,945670.4204
3126059023,2761836.177
8820902200,1056513.707
7237600130,607702.2178
7852110690,596217.8388
2771603050,773313.9525
9269750220,259360.6833
5379801920,510854.5149
1703400910,487182.0563
3448740430,393599.4497
8562780430,295794.1558
3488300110,435999.289
66000265,338278.8045
5196410260,1042426.662
3990200065,392577.452
1787600209,434407.1775
5412310080,263908.5667
4136950200,264589.3742
3235100080,233762.1906
1732800199,767053.8436
7555200230,700852.351
5316100980,1748245.386
4188000240,904070.1657
114101516,361594.6694
2260000340,583888.5371
8078050040,229313.8447
1377300005,1295747.111
9510861140,682705.1226
9485951510,480554.467
6141100320,364324.0417
9578090050,812569.3308
1125079111,1387266.193
7936000463,771770.509
3832300090,197681.9092
3862710090,381101.9937
3876311180,368227.7161
2592210510,893337.9607
2757000040,773336.5753
6117501820,253644.4046
203101065,453123.5796
2402100055,661997.1715
1610000016,200477.6387
2710600080,490726.801
8860200010,296767.3918
5015001045,1202224.674
8648100200,293510.7723
203900610,413588.3586
7010700660,792854.3137
3674400035,180961.4007
7550800015,517434.0807
1357300240,349735.2672
9407100300,313011.7267
6813600365,554671.7631
3223039149,443346.9413
6738700225,878544.8578
2768100040,505116.4308
9345400350,609207.1451
4022900837,369544.5059
7853430660,661441.9595
3299600040,826106.9185
4151800375,440187.8608
3904980270,509472.3946
411100020,342529.4512
9498200091,444999.0829
1962200435,811510.7507
3955900910,469289.0899
8096600100,412281.2025
7525950180,1265996.092
9126100850,623053.5862
538000440,295061.5941
4136870110,318076.3812
9521101065,621961.9474
2385200050,504570.1557
6126601445,438001.4934
6139800390,445155.4776
7548300326,471780.7544
3236500220,478697.6703
5419800330,271664.7358
1773100123,235344.9154
8941100095,1038430.361
1158700100,616372.4615
5470100220,240770.5115
5209200010,439231.7143
8886000021,468285.1436
8113101670,419043.9044
1523059201,503868.1419
9178600135,622951.8122
9103000360,812787.1146
8651720020,523967.8666
2481620310,1050897.534
2787250190,490788.6179
3276180210,306057.0717
1038000040,405350.6791
8931100095,712398.9272
4178300070,935171.4401
7436400020,615484.3047
3395800155,222538.8106
9542600070,715095.029
7812800681,207949.1803
259000100,506121.6484
8682260870,414365.4221
7519000335,883028.146
8820902350,808366.2908
7227800065,271537.5455
5101406384,482530.4461
326049103,478585.9477
6821102317,713286.9283
3274800505,488735.2036
8857310010,389573.0442
9269260420,470093.2262
7899800905,299121.655
4397650080,875031.2332
2123049498,249088.8542
9320990140,297439.2404
6613000585,1551006.615
3343903640,343782.7355
9414500480,482462.9397
3447000100,625108.7023
7100000035,233564.6394
1504800097,464199.0972
2815600305,720755.7424
6632900452,531870.9498
2501600150,277196.5232
7893802670,365294.1929
1561600025,800653.547
3751601877,479461.6467
1311400350,236647.7122
3528000040,1636893.799
8161000220,427405.4748
1443500905,276539.3219
7338000850,187348.6851
2944500710,324009.7452
4229400015,416845.0935
6151800624,283134.1564
1126059022,607793.2353
1070000390,1036932.046
5153200150,329994.4542
2571910160,288627.4093
4022905172,540416.6465
868001705,905574.0889
6072650290,654830.0669
3824100364,502362.9691
2549000020,474752.9236
3142600130,582481.5857
1568100060,314274.9295
5297200089,375355.85
1732800780,2342537.472
5603700095,519536.7328
7871500685,685667.2932
4046601460,372123.1999
8732900840,598922.9403
1773100755,442004.083
3222049151,857733.3714
6703700025,364491.5751
8029500450,297636.1437
8724300010,603408.9473
1592000260,631201.6653
7972601885,343538.3936
1645000310,238740.0849
1980200236,553987.859
7852160310,1170433.857
5643600351,338420.127
1994200375,604802.6425
3797000035,460157.1105
9378500050,311832.266
9830200230,397679.962
4310702775,390050.2334
9358002305,344940.5034
2025059131,1235548.256
3802000020,216517.3802
9136102057,558553.5151
2607730110,396415.1457
2105200010,437061.1057
8691330330,973164.7741
2826049023,448509.0989
312000135,411418.592
5635100050,368483.7462
3332000530,438902.0408
8615800500,914458.0795
2624049103,320156.179
4442800162,491511.0594
8944310330,402926.1299
7548300731,537109.6617
5602000025,229339.2113
2619950350,412251.9388
1115600130,387532.0602
1245003268,1093227.235
4215250220,859443.6467
9547202890,489753.6668
291310150,326734.791
326049038,531777.1286
7202360170,798222.98
715010140,1513819.109
5238800020,378706.0263
9129100040,1204179.273
7694800070,462574.0602
7292700005,613015.7839
8732020310,275849.3007
7689600215,207660.5031
3574801500,592089.8846
23500220,577542.1565
1445500100,906677.8328
5101408835,480837.8602
7883605900,303291.444
9264900880,266992.4551
3583400120,490220.5141
7172200080,466200.6065
2788400090,246234.8899
7955040080,535797.1866
7276100020,405844.0482
1558500050,483577.567
7420200050,671823.6151
6071000265,568104.8184
3529300330,354909.2655
9407000230,350198.7816
2436701200,708727.8312
984000130,328467.5149
7977200995,480377.9425
9839300875,592819.9619
7211400850,249457.7911
2225059273,1566747.071
1525079069,621214.3909
7525000080,562487.1039
2770601530,606777.3552
9828201885,725001.0885
3024059044,1073110.441
1931300010,433965.4822
3624039111,236342.5648
5101408678,477562.4007
3629920990,1023307.057
3649100264,380973.487
7574910490,855207.156
1450100330,218632.5482
7936500172,1305376.538
8649900480,787274.2503
8682310220,558409.3729
6700390100,274295.5501
223039229,538107.9343
8944360080,484678.7655
4107100204,2342290.48
8651440250,241291.4332
7853280490,754696.0242
1326059185,722448.5904
2414600195,213284.4382
5469500180,326168.3676
8961970190,610168.2509
9141100210,259266.1444
3057000400,300367.2437
1446801000,310455.6406
7852180560,381649.2379
7212660900,277452.621
3625600190,1320745.885
3709500060,424115.2852
7987401010,703762.2627
3424069066,456933.111
4027700795,333448.545
163000010,299997.4833
8899000190,295152.11
3454000060,800066.8471
4083301645,579562.0015
2561360120,417617.6652
5288200072,357063.2317
8581200240,239055.8239
9828701488,418483.9926
2329810590,280062.0525
782700120,366981.2424
7312100010,394126.0179
1338800280,1137316.381
1765100025,250260.7745
1842390130,702901.2969
239000155,462664.4449
3756500610,342464.5747
8937500040,271502.3465
3760500730,882571.6277
3905050280,523120.338
6666830390,631635.4441
4140090420,498058.3682
1193000450,770680.0646
923000115,598889.8572
1823049202,308461.8243
7613700860,821633.6864
7686204750,224247.1152
4253400100,364572.9703
795000865,182255.5462
1727500230,402038.0612
8802400415,199014.3743
871001085,618709.4901
6163901772,434359.3754
1324300380,507116.8962
1223039235,519093.3585
1085623740,410268.0363
7802900500,669135.1793
7229210060,318025.8364
6099400053,186507.7991
7231300125,484065.4311
5538300225,381772.8686
7129304200,281726.178
7568700740,458043.1768
1388600110,230676.4729
3363900155,471656.9841
9477200560,427572.3407
8732750100,360966.37
3278602040,438151.4931
8045000180,477971.0774
4217401180,961755.5053
3260810150,311909.5844
2723069129,521825.4935
6620400631,247627.0859
293600080,266399.5922
4307330050,541260.1106
2523089097,586688.7596
2206700165,417695.4445
1245001216,648537.1526
8092000330,204305.288
2557000380,310773.1961
2461900510,334611.2524
2423059060,548410.8512
9323610180,612837.4476
2472920780,416312.1929
1232002015,456869.9181
8097000330,337897.5409
1726600150,1024277.32
114101426,348572.8575
9211010220,520238.0824
1823049178,243370.0079
8078520310,245440.6884
1061500360,338046.522
8732800090,257382.1851
2616700520,247000.5357
2867300170,514251.1304
8651720150,542353.0565
3211230300,394715.0676
2473370870,482557.1627
4443800960,528592.1779
1566100450,550771.8379
7549801385,161826.8481
5467200055,366276.5669
9376301591,602856.1127
2011400662,314204.4362
8656300385,329565.9588
9476200710,583380.4737
269000070,703049.6329
291310100,408472.6302
7899800450,220169.7363
3459600440,1035464.188
1387300940,372981.9744
6738700005,369954.4286
7866500035,264849.7103
3832080610,276170.5872
4239400300,159381.9372
7936000403,477436.8758
4386700135,1603662.443
8698100170,166253.7295
2211700160,514794.721
8835220090,373209.1802
2424400130,372277.2212
4139480200,1364697.42
1473120230,474537.9951
4172100050,540777.6661
236400130,269892.6068
2586800210,351056.6823
7227801581,297221.1397
8820901275,575800.5721
475000605,820256.2426
2264500350,460535.9263
9542801990,235167.1946
973600020,472037.2237
2500600289,192453.7198
2025069140,1442946.266
2742100009,368871.0414
2131701075,382994.1275
3333002440,308366.5078
7215730070,707953.6433
5100401060,707559.6544
7613700660,705425.8778
7853360300,592392.4463
9294300515,795610.0975
9542300530,864480.9504
2413900050,764641.7198
2239000016,308644.4143
8691440440,899096.4809
9277200111,630191.3009
3832050130,270168.7758
6303400475,231515.5114
2525000510,312930.1394
5347200220,253016.1378
2725069050,959815.8158
5450300010,626911.7327
5550300205,264469.6195
1025079074,487208.6882
9276200635,576355.1175
3630180470,751589.9006
1623049214,290010.6506
8078100140,339496.6731
923059259,470507.7927
3025059089,807979.1978
8001210170,251974.2289
1972200426,494102.6722
2125049120,911834.7914
3363400655,627823.011
2005300140,274940.9246
7186800105,365585.698
1601600167,408703.0565
4024101254,408549.2554
1454100267,421656.8344
1036000280,712671.6397
7519001825,445667.6508
114100791,348292.9001
6749700006,420756.2057
1121000357,828997.6171
3918400028,381474.015
5015000190,781494.972
2722059185,380957.1267
6601200020,283490.6238
1099600620,185874.6977
1231000510,312495.5702
6139100101,374918.9724
203100460,266271.6097
1868901815,498760.3753
3797000400,709484.7873
2972300140,445608.4
3630220220,764782.6398
3861470110,2034373.49
7203000200,290634.3569
8901500178,574569.4333
2560801222,267894.4814
2597490300,585288.4284
4058802255,208718.8245
2877102180,457442.0378
5451220150,1025435.722
1329000090,1582181.462
1336800240,1437669.539
9526600340,638510.3017
4045900147,602518.1691
7503000050,372706.8166
4035900085,476034.566
9264900660,320561.9555
6690500320,574432.8917
1088801350,584145.7974
1115400090,587527.395
1545805980,371085.6189
221049191,337684.1776
1797501275,841355.7736
4337000285,305110.9656
9808640320,959864.9719
425200205,277410.3951
3365900462,248006.0927
9137101353,497360.3635
6762700376,633587.7143
7853370020,629849.7231
1868901690,630413.3123
7461420230,290742.1666
5425700150,841529.7754
7203120050,771819.7234
2873000260,223922.5682
6699930550,393388.1053
6072800246,1808744.85
3046200125,161489.366
269000970,1232903.576
2624089040,279104.8289
6453300306,501489.588
2288000090,1106370.27
9818700320,622409.435
2026079055,306730.7997
98020480,938944.1314
952006728,430084.5638
2916610150,248325.4239
3365900041,289619.7342
3832500790,265754.2974
8156600155,646309.7537
1330300451,1137345.377
2770604104,608415.1096
3124089049,552303.5542
621069102,239562.916
1853080180,758005.0114
7349600230,230539.2496
4037700285,416252.5829
291310170,398425.7481
1890000169,555123.2891
2421059090,546521.5532
6838700060,309130.1435
8648100130,303453.4027
2205500335,471472.0027
8651442440,223948.8969
2926059146,806911.7558
3383900048,620909.2895
1446800181,214602.9583
3667500015,1230232.56
3542300060,245398.0454
7334500120,323320.404
3585300365,674131.6529
2600000510,633327.012
1726059134,880222.9067
2450000320,682534.7114
324000370,546623.5082
4310701600,481820.6824
6690500060,473945.2873
2359300030,428978.1256
538000450,302869.0119
3797000290,761835.2651
6751100205,404911.9649
5141000571,232589.8334
723069089,649180.8816
2025059201,875744.296
40000362,122212.2656
7625703357,446506.7763
9268850350,315917.682
4058800830,559797.2984
1446401555,227470.9834
1152700020,409631.0535
725069102,615040.2274
3278611450,478716.6162
9808590210,1623867.71
3629970930,744572.214
1604601803,466467.4308
1954420420,442517.5386
3832060120,304687.5773
7168100015,575321.7928
4109600306,287894.2767
9269750010,208213.782
6170900190,279827.4356
8838900167,630524.6565
1425059193,1115367.924
1545801340,258468.2252
2591780180,396318.0282
5456000025,1118161.062
9238900060,462719.3465
3323069045,315485.2888
1081330210,508395.6764
5710600620,524217.7217
1257200020,452997.3865
7525570020,656346.0173
3905081070,498354.8676
5466700450,261409.6294
7212651440,310745.444
8899210610,330555.1966
1453601038,332223.9837
1422300140,449023.0669
5466350160,218759.6139
9141100005,618652.2597
2909310060,264363.2334
7518506716,909274.6964
8682291510,425787.1293
8564700240,541085.6618
3626039415,323416.3792
8669160460,278168.2353
9390700100,523700.1699
3959400710,344249.8799
7977200055,459030.3882
9265200060,752680.1621
7935000125,350836.5106
1531000030,690784.3404
2023049361,199609.8189
2998300060,707267.7749
8902000068,455940.1959
3330500085,277603.3113
1133000235,711444.6186
8669160010,269914.7063
9510970050,573668.7533
2726059100,736263.6024
1862400176,759579.4409
2644900110,411750.738
8712100320,935749.5526
8161000210,581340.5375
4039700870,1040974.587
4449800345,602883.8847
795000620,156946.4603
2767704860,590144.5108
6679000170,289897.5931
1723099031,688957.5805
9264921030,325158.9513
7694800180,556934.5454
3835502815,1484600.873
1592000640,614211.5803
7883604095,317952.1931
3905000340,716373.4361
7558750190,579787.0985
1566100130,407362.6442
1438000190,475484.7304
7853210180,415751.638
5101405276,380197.6207
3901100030,939043.4028
7227502155,213412.1599
2856101755,621698.6794
9558040820,649193.2456
3388300730,635805.0263
1774230180,633324.3101
9122001225,664644.0037
5608000080,922578.543
1525069134,1255928.453
321079066,415158.4595
461002551,361489.4008
4475000120,392238.243
7273100026,657664.108
121059038,334444.7239
2914700310,532496.4601
3305100210,928428.2776
5135000050,1054680.284
6837700175,1033079.308
5332200405,971867.3768
3303850390,3102042.096
3396820010,618943.1929
274000070,352467.9331
7135520610,892397.3873
2600140500,781772.2507
7334501440,292363.1728
420069021,352641.5634
643000110,256407.2995
7138200150,276007.3214
4309700130,905360.0097
8651480550,690025.6013
3591000030,741634.7805
3041700570,508481.9617
40001065,227622.8263
4219400465,985989.8694
8665900295,354725.1016
5518800010,497204.7304
5452800735,869835.723
423059409,367161.8348
1454100440,513052.5977
3701000060,730033.6439
844000425,227566.3574
1336800160,1005428.397
2215900800,327417.3589
2946003415,194941.3764
8564950300,473573.7136
7618700112,615539.8574
7853280350,774722.9249
1724079013,611636.7767
8645501330,286222.3834
5466750140,254790.4743
8089510170,1120924.883
1021000060,516047.0107
3845100670,411287.5529
4027700799,358697.6485
7418700040,300692.0022
6071300030,423300.226
1328340380,249418.8715
5710610800,584217.7975
9528100963,645712.5644
1604601225,454914.2528
2193320450,620572.6077
9578200030,339813.3356
3438503214,377687.0543
3332000615,315215.2574
3876313260,428329.1833
1138000450,351544.1951
5499700045,693992.116
4019500030,462948.2596
3720800115,1132415.699
7229800175,424121.5032
9212900820,482769.866
326069104,959358.9155
3622059088,342516.0241
3365901435,218711.5921
5379800040,315458.6931
6070500055,610502.6719
9264910300,335219.8154
510002065,616975.4624
2822059262,241711.7542
5113400364,710665.4113
5540000010,241807.422
5430300106,473208.1356
6332940020,439013.9137
2329800240,292783.9951
2716600273,772367.3157
7979900210,347851.4384
207700050,550966.2865
7414200010,322970.7434
7853220670,543094.8904
6802210090,238256.8246
3102700160,437388.6278
7202330470,429697.0082
7202340820,526840.4481
8091670190,338291.3846
5126210280,588958.6366
824069193,532404.9172
9183702251,223861.2939
3463400330,468510.4642
8651611230,834291.7418
3336000052,338775.7953
2856101479,249252.4493
8073000585,664101.9428
243000045,354309.1529
5589900400,390937.234
1934800180,559376.6868
6300500275,325270.3921
411100005,263504.658
7399300120,280046.6761
2787700150,422718.0757
4449800681,630645.1011
2287000280,702479.4453
1761100190,214640.1721
7853220610,497355.598
1931300870,478560.8051
1322059002,320270.9812
2770601457,642046.1087
923000095,491532.532
6824100029,544957.6551
4027701294,476434.3099
2867300190,481667.3836
3750605620,259596.7307
723099044,430123.9057
8649401000,254642.9066
621069074,293903.1291
4306500070,402235.7426
9406521150,301834.7151
2919701105,474634.6081
5667100025,376904.7109
2241700075,299136.5604
7504001340,589726.6366
8651100110,1263169.561
4040800120,409653.2674
7327902612,238991.2569
9323600060,955655.0087
6918720080,658682.8039
8946390150,282689.8657
11510310,754653.1314
7147600225,318743.7527
6300500183,343581.7343
7574910450,856621.9696
522049122,279539.032
3876100940,585433.2973
3223039089,341089.7757
7697870530,228539.8556
5056500260,493430.7654
5416100190,357844.0613
5437820020,240872.9215
3421069044,351089.5831
9269200831,305167.7373
9521100280,509167.4394
1826049362,570240.5643
5200100115,532911.4694
9214400396,434883.366
291310340,484305.4796
5126950340,245594.163
8860500300,322701.8981
3379200100,388353.3364
2895200150,239595.6543
3211101010,308384.1214
7577700061,591586.3025
9521100585,528713.4619
3629970090,684978.6875
1612500155,260565.5094
7606200090,288575.0352
9211010900,512136.5561
5406500170,585328.1065
2730000070,184834.8722
5014600210,573212.7475
8677900123,450953.8703
1604601375,413464.0505
8682291840,402999.4611
1828000050,512308.8788
2652501215,720214.2598
6626100260,755604.3554
7011200830,693223.5202
7885100005,440998.5535
126059310,722706.7398
4278900055,648916.2913
1245000461,938446.379
1785400300,467421.3892
3797300110,358639.2629
5317100780,1358000.826
3298700302,214236.4213
7302900090,661254.1753
7883603648,442163.8243
3856904560,717993.8032
9477000190,427199.8647
425000065,257679.5842
1025049115,522345.9521
6131600255,241917.3555
421079105,339294.3502
7242800040,495033.9261
1223039242,362711.7761
322069153,444455.3971
7298030210,456350.7096
7785350010,802737.1757
9521100031,607380.5784
4399210110,261411.4476
2095500040,306782.0698
8078350280,600766.9357
3025049052,867975.6248
5244801255,895157.1673
9412200330,427890.8617
3020079078,556758.4231
421000215,193672.3832
7234601142,558165.8782
5729000070,538540.4724
1326069151,428607.457
3241600015,321636.0142
7159200005,2423519.192
6728700075,456380.6083
2011400401,372912.06
4038100110,478543.8887
825059178,3242051.413
2464400500,564889.6404
8161020060,448083.0702
6979900360,777685.2123
5700003810,1032079.969
520700125,448535.6809
2781250560,219416.4582
6824100014,543863.5402
1923000030,1487255.503
3300700470,337703.8962
4326000220,350858.6245
8029520250,509019.9761
1556200005,762665.3973
3629970130,739131.3197
3348401584,234022.6594
5249801785,424193.9428
2112700185,547615.816
2141330700,589160.1829
5556300098,1175170.871
7466900320,236193.6558
2767603165,654581.056
1788900230,150672.5691
7010700936,755124.6484
3505100756,1870869.392
8835800350,1856289.38
6021500970,437409.9168
8651441620,227375.855
7202330610,470067.1025
2579500181,1217698.824
3343901340,314032.3676
2896600020,366859.0253
8121100255,342073.4539
1189000645,648304.1242
6300000212,264244.3642
6163900411,276724.7568
2742100152,493307.4431
8024200681,455382.2335
5634500182,385517.1525
726049131,385125.1574
3204800430,341441.9141
1454100122,467785.4906
4113800500,533149.883
2790400380,709944.0101
4167300350,223214.0516
925049278,588665.8164
3886901795,736486.6607
5141000720,402244.3195
7695470120,583623.6343
7751800080,451871.4502
1891100090,414227.1448
795002375,188992.4638
643500060,514356.401
7857000732,381020.1286
5249801720,359615.0868
438000025,648687.0356
629420080,715085.0358
240000058,482634.007
3279000420,183605.8374
7851990240,835183.0715
2871000300,791470.0076
3623500408,2609499.729
6749700117,473006.1301
1329500120,337373.6778
8887001140,623378.1112
2592400470,473174.9889
3630030500,461534.3223
342000570,467383.7859
2591720360,516431.947
9136101335,531779.7778
2826049282,504511.5665
9551201155,880689.9249
722079015,400941.1417
3629910210,671856.6957
3904910050,514474.9427
3459100300,410791.5777
9222400605,712154.2026
9290800050,576338.0243
2214800270,313188.3398
9542830600,271305.8305
3299600120,707479.453
3232200095,576780.5086
11900140,286737.54
8914100080,506509.7864
8123450300,546471.0631
9407110710,264918.9761
1775920210,320039.7829
1085623560,424048.9033
4337600205,204313.103
1021049022,216355.0928
1704900135,287011.4837
7129800036,214916.0116
6431000748,457905.8267
1523049188,183200.7214
5515600075,261487.5082
8141310040,249795.953
23520380,492326.7699
139000185,812147.4418
1777600900,720842.6798
8564500020,334441.3939
3223039010,242166.4357
2923039264,562842.8642
3541600405,501311.8339
2473101140,282002.9769
9578080130,680856.9741
7205400180,199531.7019
2193300620,565238.4067
7996700220,417295.2945
3629700120,498421.502
6137610190,696801.4821
5300200050,293227.4992
7504101040,949116.9406
624069003,782671.6347
8670000060,514023.4538
8125200273,244475.9868
2468800040,358472.4007
1217000481,395657.8123
1775700011,364733.4079
5541300135,693178.9587
7018000560,697349.3528
8731801190,303398.1041
3630240020,482856.3969
7771300155,309863.2255
1623089165,958182.9419
9818700215,496934.9501
8731730710,219068.0075
5652600069,540304.6423
1137800460,495419.052
5253300387,258315.646
369000690,432635.0166
5101405338,528557.174
8651720470,466850.4297
2517000150,264541.5326
1472700200,618317.5726
6150700005,434291.8441
3204400040,254831.5775
4078300050,696878.1087
2923500550,531748.808
5525400420,517107.3008
3589500260,723197.8576
2915200210,284024.7786
5364200477,570240.2977
7853300280,510367.0355
1545802850,323247.5092
6117501176,531989.9581
1300300730,532113.6211
2770601782,538089.5706
109200140,307161.3089
1862400292,390839.273
1446401460,179668.949
5459500165,688128.1527
3325069060,515139.3107
1623049145,202436.6437
2767604724,534914.216
3438501329,317321.5208
7399000360,339879.3705
7625702400,340959.2639
8631600025,446052.6223
2895730070,879104.7902
5705500075,337621.8263
8732190070,272142.7103
7796450340,346529.372
5116000170,370626.6851
3856905010,660657.3948
9359300220,696446.2262
2423039122,343623.5869
2426059103,771412.4713
6147650430,371783.9352
5151600285,299319.4059
269001360,665378.5275
2594200566,513960.1582
2636900126,335356.043
7856620910,688705.4983
3825500080,515629.4094
3375300360,237181.0389
6381500065,475937.435
1545803390,288385.8272
4123840210,346648.6601
723049448,280363.7755
7128300500,527040.7584
6453300055,240863.5731
2225069062,591763.1386
5637200450,578823.8081
1274500060,196433.0928
4307300930,360988.6462
7017200120,255563.4088
2329800430,273658.7976
148000440,373104.4311
1025069210,833221.1893
7298040310,559809.8253
7598100735,1084754.939
5422810010,366237.039
824059305,2498906.479
6838800140,1280618.66
2313900610,488196.4145
6899990200,770655.6958
7986400180,581331.3235
3352401037,266894.4645
2524049318,1676102.513
723049156,298239.6549
2651100050,342933.6218
625049281,438089.2454
3391900130,234978.0085
7905370440,451867.8942
6197800101,215424.8612
662310400,440505.2885
9264960480,378676.4529
8856890020,318243.9504
4235400186,421126.603
5451300117,2029338.675
2122700120,422665.9143
9527310180,497869.6624
9368700031,181720.2856
8568700015,340862.8816
8129700644,942595.934
567000408,436671.5273
5379802871,220918.3546
3025300095,2517015.805
8091670030,343415.7641
3343901401,506681.5442
4046500320,336911.7073
9578060540,466166.6749
2211700290,570082.5183
1521069070,238811.8988
4136950070,267662.3509
9264901040,246269.7707
8651510610,460662.9172
2804600010,888115.9205
2372800050,236377.5973
2324039152,544508.1105
259801030,454820.7733
2125059112,1055739.621
126049167,400575.5321
9265700005,424358.0058
3211000190,354456.9433
6638900405,382489.1273
8682280490,410017.1243
1796350690,231567.653
5072410070,510925.9017
8087800400,476410.3081
2917200645,374635.8053
5335700030,184052.2644
889000024,627864.8525
7589200153,575799.7679
2115720270,251637.6014
924059233,627970.5072
2909310100,282875.3166
8924100111,610356.3775
4376700430,574369.6315
1822300040,362668.0468
1118002090,1456319.918
6345000160,1153820.166
2413300240,290873.7046
2141330050,786050.2894
6338000032,603782.7005
5561400260,817867.6248
9406520290,296976.2427
1241500147,600598.7843
952006827,416880.515
1431700210,249410.5904
6413100242,473908.898
3876313100,405557.086
4139490190,1505071.262
7237450030,395599.3241
2639400020,603954.2184
2485000202,890164.673
1453600202,626756.8377
1522700060,515182.0763
3832150190,239786.5428
2473480210,319556.3351
5438000080,277143.2608
3630130130,586685.3196
3995700220,353762.8358
1402620120,395189.8401
7203220360,856815.2909
6820100035,567884.8019
7234601541,669130.3765
3192000080,253257.0671
2408600160,254422.5292
5416510140,364180.2845
7277100610,355602.1631
7129302185,308492.0193
9279700150,1796138.272
2202500255,477112.9886
3793500510,417737.5798
255450340,367209.0622
1568100387,362006.226
9106000050,664631.892
8651411260,171882.6573
6137500320,1041617.178
1951600150,224449.9702
5041300100,559334.3211
1592000780,668918.3188
8078050120,228809.0569
993001332,510857.9393
4139440730,816972.4765
1778500595,737119.149
123039626,274742.2176
203100440,1202907.361
3578401760,416154.4235
3761100045,2287410.954
3905100520,497713.856
9268850040,402410.1191
1770000130,408110.6978
2724200705,188651.069
3052700460,514970.5749
9558021000,337875.1973
4037200530,499687.8809
1472800220,447801.6475
8682282070,756101.7569
2009000830,398789.6491
6169901185,1426839.455
9551200270,1077169.234
1189001180,521853.902
2487200875,534675.1197
8155760040,253928.2523
7508200080,420382.2057
3343903647,461175.6964
2024059130,842935.9094
8948500025,388440.3371
9275700016,1230789.101
1221000562,288088.6969
1094000030,390065.5019
114100155,353954.6077
1332700010,363143.3163
9262800057,192980.5728
7173700591,632116.6076
2008000130,408294.9176
1112700060,387017.1641
629811600,683804.7888
9315300230,222394.5237
7852180260,444908.8224
1450100070,190745.02
822079033,308790.0684
2022069200,438989.6083
3592500565,752298.4066
3824100211,447772.1906
623049185,250705.3118
1773100510,323502.6205
8856970570,308867.5662
9512500720,505330.8121
1823069059,285694.5247
3224079105,528604.138
820079043,364910.7365
1245003375,529829.2986
7283900521,392525.1281
2767603577,489248.7848
8838900032,803849.2477
686530020,559153.1769
5700000600,662705.8677
7283900306,452066.4563
8944360290,504503.3648
1702900664,387901.8354
7985400089,325725.0949
3336001911,303992.2708
1235700052,1045188.299
2102700025,1443034.174
1795920310,732556.7337
8944750850,325474.9581
1868901120,534134.4232
7977201240,1108464.736
8562900590,851337.4256
1842900030,237443.3812
1777600210,676957.5469
8945100320,188463.0139
6163901033,237765.5356
9542830210,281355.4022
9158100116,266612.1068
6791900260,708171.8884
4037500335,473111.0041
3319500299,302973.1105
871000515,522477.0071
5680000455,579025.9563
1125069086,961061.6703
8562700300,390098.1426
8562700090,515533.9681
2481630290,970671.9571
3625049088,1948258.114
1524800005,358464.9212
2592400400,369429.6831
7818900060,559529.8419
920069053,207710.1617
6705120540,537757.5936
7856601110,729985.2794
3955500100,519381.9288
1389600040,260195.9345
9477001270,405093.0756
2877102495,379252.6434
546000245,494948.8547
1123059116,509860.6105
7558800240,441466.0811
5248800250,353236.3414
2110900050,558111.2737
4051100390,244206.2584
6672500040,378080.281
5556300109,917048.0078
1725059127,1762420.842
1471630160,317118.8583
7579200915,1162509.009
1797500230,803280.5984
2394600157,492186.4851
3332000061,384998.0951
952003340,271846.5241
8682281960,707697.6162
943100262,285680.7517
9527000180,503006.1626
3395800455,214782.6326
3275740030,412409.2984
6099400293,217275.5417
1972201550,497290.8568
3356402705,260180.67
3981200660,404758.5977
3294700030,280714.0495
525069099,720033.6811
7663700973,334986.7172
7308600040,691516.3454
9526500090,405339.5602
623049273,306741.6786
9273200140,1451825.05
301400850,221595.6398
7942601435,1068023.641
5151600120,346092.1171
126049100,428161.8966
8079010190,416197.1097
1745000090,216876.6016
3329500730,212633.5847
9536601852,293634.4194
3626039229,355444.0925
6716700325,419450.8262
7856410030,892573.9855
2719100042,557286.3214
524069049,559113.5767
2781280150,232904.5737
9839300285,619564.3322
627300195,795731.5742
9238440130,298552.8314
9828702055,382309.1919
2648500030,166611.2577
7277100640,741639.2367
4136890260,320405.1024
1560870470,374715.9419
3260350090,592510.8063
3288301010,525106.5235
8732130730,251970.0461
2130700860,359905.6275
2525310220,319894.1009
4302200535,218729.7411
3300790670,241740.6512
8856890200,340809.1961
323079065,755171.3846
2568300132,476370.1732
1330290160,334370.5169
3501600215,399871.2828
8946400210,453183.252
7853320250,439720.1852
2525500260,317424.2727
8151600142,299326.4459
1868900775,548507.2207
3275870080,881409.5176
1972200556,534570.6317
6300000337,440817.5558
9268851320,389086.0488
7818700480,319904.5882
4427100105,441130.9783
7606200275,256056.4627
5631501323,333450.1617
7857001560,332956.7439
6798100070,375879.7018
1994200031,479470.3268
5307100280,574937.8895
1274500300,208832.2609
2500600297,268608.3282
9286100320,439451.2054
7856610490,642016.7699
2597800010,632375.0235
1925069082,2070158.973
1775801090,470119.3541
2916200091,478660.1278
567000775,452375.0325
1423200110,189037.5201
6790600790,327082.2604
5727500301,373518.4839
9508500075,570492.0084
8924100372,1159972.605
9137101696,519854.0015
8820901415,324030.3851
7957600075,270724.9415
1150700130,262393.0353
7299601790,262896.6929
7805600070,298257.1304
7694800270,577219.0003
7202350010,392513.6361
546001060,700246.9291
7137800310,288205.3484
9274201730,585235.8551
3654800040,288221.7978
9297300740,591875.5551
3630110220,734244.6216
7748000025,538933.8917
7954300620,524198.0486
3449000300,357527.3253
1226039129,482061.7757
629000730,753917.8917
7899800863,329932.0426
5561000330,587426.5102
2253200010,415967.7395
9407001320,283656.0404
3544400236,501990.6538
6021500245,479806.4061
3904960700,545574.4816
2287000030,719960.0989
3541600235,389858.4528
5315100806,1114340.98
4038200480,416654.1067
715010130,1580677.793
1442700430,520015.5999
3223059015,364986.1498
3192000085,230136.379
6141100255,360991.9518
301401610,294060.2465
8669180390,289833.7053
8857600540,273728.6171
7322910030,1006819.308
5547700190,659343.2734
1657530450,332870.2642
9578140360,299614.1883
2822059350,331911.3549
5198600005,221155.0144
7950700120,281206.4283
4299000030,369700.8259
3342700405,526188.764
2895730280,934056.2216
9268850940,539558.4942
259800410,484609.865
9406550050,284793.67
3735901600,522387.0173
1755700090,394752.4386
1042700080,697691.6665
5381000411,260764.9502
6430500010,628585.3656
7387500235,334357.724
6790200180,579295.1636
9407150310,356020.2643
1070000180,1102925.64
104550540,239897.0567
1934800087,476520.0656
2944500340,304193.0098
7856700920,600625.7391
5015000346,1307568.117
418000145,192060.0112
8562891240,284159.3762
2222900082,384769.9763
4303200184,218110.4726
8138870530,422313.9489
8827901450,841231.6797
3793400360,367266.0872
5676000004,474919.035
1568100300,529776.9396
7960100030,629741.2074
2781250610,231751.7255
3022039071,650967.396
6204430250,537939.3947
6192410760,725775.5329
1438000120,457966.9347
1222029064,360542.7975
2212901130,216581.7953
9826701201,519918.2923
5351200280,815464.4721
7568700175,292001.3292
3574750020,572262.9574
9113200180,806177.0796
3298700671,231965.7472
9828702667,445495.3995
1772600510,511807.6389
223039254,223759.0013
4006000509,359292.1268
9238500040,527601.3302
8085400401,1656815.958
6855700080,333031.6769
3336000296,308675.9799
7820000015,363480.8073
6844702630,477974.8993
2781200010,498010.3974
2770604615,852409.1123
2767601805,534235.9121
2621069017,335255.326
3438503140,280999.686
6380500151,404406.3705
3574801510,415645.1695
7135520650,960432.9564
4137010590,380626.3753
1924059278,830890.6539
1604600095,383043.0236
522059158,238287.7267
7732410220,733152.0881
1322049335,257665.3946
290000095,445593.3139
9522400350,541544.8141
4022902715,567539.7648
5028602020,252769.0416
5476200160,234834.6577
1775920340,432682.2142
1982201345,401655.5108
37000435,256236.9814
8129700985,564857.0028
1036400110,591063.4226
3291800670,458652.3422
2938100005,236314.549
3955900150,418454.3383
53500450,312339.5586
2473410690,303803.3774
7202290180,397867.9311
1310980070,294115.7268
7663700610,442471.4931
8816400885,529024.2917
5104530560,357267.6116
1776230060,375815.8841
5332200515,1032717.572
2872100385,510122.4846
7812801925,255915.6793
8001600130,303137.6281
2896000710,597626.857
6065300570,850330.9286
7812800310,206138.8992
2891400380,397770.5037
1703900005,313834.7693
2927600155,335768.7242
8594400060,263260.1893
1402200440,446434.6147
4321200600,593374.5291
1441000350,425410.62
2123049420,280358.2206
123039642,383037.3945
7922900460,616805.7291
6003000851,298583.7211
3356402020,209144.4893
8857600220,220049.7097
3579800485,404919.7912
9238480020,672147.7539
8096800270,247162.4067
7852020720,451954.9177
6746700615,632501.7265
7831800110,311234.8651
2526069095,999652.0116
7305300500,288259.6217
4036800805,395322.9042
2421039075,233152.5637
9206700190,714537.3278
7525410120,657958.4089
7857000861,313971.2006
6450300605,393145.4073
7200001254,482379.2156
1854750030,1036757.812
1626069220,634129.9577
5535600110,543876.2898
8562790940,580129.2215
3298700305,211307.5029
9512501450,430703.1932
2953000090,246539.1549
6661200320,202449.5744
5104470070,528945.9562
2658000115,236369.4542
5416500090,260441.2102
3586500630,728703.7241
3814900380,342465.0757
6072100790,650820.579
1972202505,526893.3992
3303900090,782745.8476
6817850050,1198459.357
4468400214,315317.0324
7515000035,456628.7362
2329800630,243578.3825
7560000050,642824.0661
8567450140,503269.4005
6917700305,458965.1474
185000118,289481.5978
8155850010,930112.2658
2923049468,291776.868
3288100290,735405.2551
7549802600,287267.2098
518000040,526042.5055
7972601995,251123.1816
6169901130,1067722.075
6699300330,358568.013
8665000040,465380.2107
6163900333,336796.5677
7796100050,826637.3915
2781230020,444696.5986
3630030290,544170.8037
4036800170,459987.3537
7518502030,515240.8626
9136103130,476892.9619
6384300020,522319.5561
3574900170,543726.5919
1277000020,892837.0838
9578500180,373033.5735
7574910860,733259.5839
222029026,405900.9476
1651500040,1677536.313
3421069053,452578.9931
2608300035,323485.2883
6632900084,282461.5949
6918700370,547433.8016
2215900930,319887.2404
510003230,533088.8001
9264950940,330078.6932
7227500865,202970.6751
2771602174,560977.29
7300000550,309754.2427
98030140,898095.8726
8835220210,382506.2589
9191200380,653456.765
3583300135,450640.0419
3530420020,198207.8137
9477201060,402923.8158
114101161,440904.1331
1473060030,583067.9043
7199350340,414481.0675
6661200080,234209.6107
3869900139,462188.6032
4320200020,680633.4661
7849200635,195824.6004
7231600098,170233.957
7518506717,913651.3061
2473250850,280591.1271
3585300415,631919.9807
1221000490,334844.3303
1775800280,498035.9668
8122100130,385515.946
2473002850,553189.6317
2112701165,271646.8061
2624089181,353784.5311
1721801280,214629.6579
6817750440,308223.9193
2473100090,283956.9162
2781230080,493945.6151
7203100550,526597.2041
5101402312,542032.7649
3530490070,262901.8517
3222079120,226712.536
2826079101,510753.9248
7214820610,447677.1778
123039424,277688.1845
4046500270,434953.3263
3226079091,721409.1375
9407001330,365721.2401
3275310220,238288.5086
2212200100,305063.682
7525530590,806659.3585
2592220040,748410.0273
100300530,314102.926
766500030,241225.392
8682300890,567666.0127
5249803870,489465.9122
1395500020,352513.5765
9268200585,470883.9863
7523850150,292909.5342
2413300730,296335.6859
8562750220,790722.1322
7955080300,267470.674
9335400005,360529.6883
797000276,264070.4734
1422700110,253820.4323
3306200230,231958.1556
9510910050,639610.7125
2215500220,524905.31
422069067,395656.1266
3832070040,288862.5088
8010100040,605865.7595
8860310240,614215.1073
3395800295,236341.5258
6073300040,360728.6337
1169000057,1761591.307
9262800294,283019.9357
7853360850,457292.2603
3528000470,1010726.265
6071200400,559279.401
3574801780,485729.3455
8649900160,801320.1205
1722069052,536701.2608
9508850120,637395.3092
1180003090,180852.8336
8079000190,424383.9311
293800680,1138767.626
789000550,511122.0315
4113800330,497995.5388
7533800170,1092903.44
686400040,569449.5135
7852030960,422411.0315
7738500475,464077.556
3826000665,279093.1955
1900600105,294386.1568
1420400130,307743.8134
3874900085,664761.9068
2553300140,746062.8847
3630010020,428541.3474
8075400530,230398.0917
824069188,642609.5168
3123039082,435821.9924
4447300008,582201.1226
3291800660,329285.4572
2824059043,458918.0057
6141600179,406553.746
1121039105,334829.3149
9542830440,325148.1011
3500100089,471425.458
2517000260,362932.6953
1959701695,1124805.553
7785000220,664495.7865
2008000270,220153.2248
259600260,419975.5748
8856960720,294592.2663
2591820080,377910.5425
8819900055,529693.488
7852130640,430507.9489
8682280270,466003.3181
3882300100,509878.7433
2372800145,207124.845
5095400630,352889.9128
2826079027,610747.471
1972200382,423808.6737
1865800250,192569.1746
9264930770,380888.8542
7871500485,916191.574
8651720420,469050.6788
2770600841,585360.6212
8062900030,294921.429
7582700100,1165425.494
424049284,347059.9975
6793300010,777407.8549
6851700381,1055691.565
7852190630,540440.0818
7852010940,506198.8133
2767604254,463939.2147
1421039067,247969.9012
3630090050,770530.0166
3226049401,644637.282
1081300450,437881.6217
7374600060,525226.1824
7459810210,347381.4755
8642600170,356227.6616
8691410730,739895.1988
3901100055,431040.4796
2810600210,496384.7176
1796360990,205743.5662
1402650360,401526.5609
5104510190,303867.4
1257201530,539557.857
1118000320,2246200.378
2902200015,905299.6561
3586500700,776092.4557
537000075,281305.5554
6646200090,757596.9084
809002680,821936.4916
6145601715,433835.6236
4154300275,293378.1401
7745000090,479729.5085
9238500410,453151.7382
2473480780,335483.9417
745000005,178991.5743
430000175,525777.667
2425059174,796878.9599
8850000509,509812.6395
2322069010,712559.0482
2623069106,859186.1754
5423600100,574567.3335
809001505,908390.9001
3335000025,372555.4509
2212200090,246469.9984
1442300035,378143.6444
9144100126,586212.6261
1231001090,222935.2446
1056200010,851433.4574
626049115,518993.6755
7544800395,436037.3829
3668000810,243089.6192
8001400340,290696.1018
7202360350,796204.4136
928000020,401971.1737
1951500030,196539.5394
8960200280,241682.3932
6145601510,305950.9015
9265410090,213738.6573
6666830430,652615.8199
1133000542,418544.76
8925100255,980751.9442
7228500560,661843.341
3275300270,209633.2393
9280200030,495718.8998
9169100130,564036.4912
3250500140,716408.7915
6190700284,534186.0021
9826701765,482229.7954
7349400610,276775.0492
1036400200,612177.6252
7129300935,540366.9088
3544400045,659791.154
798000062,247702.6262
3630030010,484233.5321
2524049148,1327734.175
2818600115,552034.6631
3629950010,454244.12
7202280390,567537.133
9352900695,244263.0264
4036100175,681662.818
4330600301,224473.6506
9834200305,499828.5671
2824069142,433102.2002
1545804340,286519.4106
2487200940,753588.0974
7129302235,381242.1306
2781250230,317420.8624
7686205020,171775.6809
7539900040,537526.0544
3179100480,537794.2468
8078460320,552729.7027
2024069128,860599.7344
2475200590,268341.1637
3524049042,417086.8811
7625701386,465458.7523
5393601050,487523.9297
3222049112,410175.0702
9523100730,696905.1951
2658000215,277929.9512
5635100090,352307.746
8165501540,331710.3091
200480020,805039.5879
921059132,300452.5131
7853302370,465354.5673
3275730110,402252.5766
4140500180,510165.4826
993000100,993445.8238
8820901670,835529.8378
2781270080,230745.947
1545807990,347758.7896
1126059170,706499.1206
4055700920,616101.3923
1446401190,153850.4931
3630080120,370429.2713
6600060150,387175.9222
8823901445,786644.6426
3329530200,219560.3612
7284900385,757827.507
9324800220,657729.7394
8564860270,488191.2163
66000070,249413.5355
439000090,612632.5493
100600860,201850.1659
722069232,783639.4626
3622910190,1135805.646
4123800180,294509.4714
4045100190,1854016.238
7856610130,747366.4851
8069000216,351817.8864
1823099076,386410.1159
6909700340,659519.4212
6205500580,684879.8452
5592900205,418549.2204
2331300415,812569.0326
7843500090,309397.5645
8682282180,456151.0738
7207900050,465480.7307
7732501000,950965.9966
7942601805,781029.5521
1545808370,295687.2595
6072500050,649130.7494
1498303895,696850.6626
3735901080,606067.7059
2781250530,225429.1353
4140900140,414210.1309
3222049024,263949.6043
2324800110,804609.1694
5126310470,512374.0273
6132600380,635928.2924
7400062,257881.6047
3501600135,532852.8556
8624700015,539610.0644
7695500240,388275.7626
792500190,382992.5861
6899990230,683398.817
2457200040,393377.8416
2780700050,439267.3405
7852030320,472273.6998
2877100655,757327.7615
4307301160,382453.4445
4364700885,349564.3555
2023049218,135378.0113
3856904740,438412.2785
8807900236,393115.5261
7562100065,337815.7134
192300020,458161.8773
1126059144,662244.8806
3560800040,379548.9588
3735901040,457513.5939
6087100070,701464.4904
305010050,660254.9496
7518505375,391668.4361
3356404330,247156.1144
2141340040,725350.7406
1782500035,299150.0171
809001565,556971.7862
7300410300,382054.4455
1117300050,515366.0408
4443800130,556480.5917
4083801395,692154.2583
7460000040,275148.5349
2721600125,1089681.188
2473370750,510747.1104
1140000190,219792.0493
7518500985,549091.7776
4023500352,476997.1461
522079068,385152.386
3876000910,573308.2752
2581900284,837003.5086
5459500125,1137064.613
1545800205,289610.4746
3374500250,378710.4578
3585900665,1059873.572
9578500510,333909.9156
8024202380,574853.5577
3275890310,718526.9136
7227501645,271167.1217
8732190990,258362.2197
1075100050,365802.1386
3342103281,276622.9943
7702010050,615509.8264
259600280,469791.9967
2817100900,258177.3387
3797710020,275783.663
8127700210,611148.7114
1819800286,390030.3528
2787310130,269778.5128
1025059181,415070.9248
59000250,730150.0372
8645500160,264434.2839
993001342,506680.6114
1766600075,287365.7452
5089700720,376967.3276
8658301060,234686.7919
8598900125,427582.2955
2460900020,448603.2481
5100402767,407091.9832
7852150140,342044.521
5561301280,526868.8257
3622900200,1189476.188
2600000210,892331.6676
7370600050,473065.9825
7844200120,377902.95
98020630,1036313.609
7853310450,572540.3006
257000057,229359.2593
9834200030,461647.4974
7348200115,208988.686
8141310180,355102.3845
1201500010,754002.8247
8956000120,566840.6037
1250204835,1137364.418
8663240180,486020.9501
6629300120,362116.0138
8945200750,169317.7212
6388910160,435415.0358
4376700330,604731.384
8910500675,317957.158
5100403882,892868.3102
6893300350,460720.336
7853350090,621338.5358
302000375,227851.0092
2422049104,160715.6318
7568700480,282167.5645
2853600155,209922.9333
8818900155,675192.5299
8648900110,441147.1171
4216500110,555986.1508
2188200785,173676.2701
7853301700,663920.2863
9558050450,459144.6374
4024100496,392400.1229
7525100590,478793.3429
3407700012,1161161.751
2354300550,348670.5759
6865200831,375943.9535
9315600050,1805035.127
9558010090,457067.5629
2260300060,2510345.123
7016200030,411671.0883
2158900095,714721.9387
4008400515,150852.7113
4046700140,317215.925
3306200240,206471.965
3876100310,399465.8728
2817210420,575582.3094
5252000200,359217.286
9542830050,330542.9555
5706201360,413306.0658
1336800065,1394327.353
6381500035,418805.6771
1732800175,806759.687
1923069078,742696.7095
3432501415,309903.7844
4139900180,2034801.227
4077800258,333001.9109
2734100734,590788.8968
8073000491,556853.5835
4137070090,308932.1645
629400340,1004490.664
3395300260,496718.6499
643300010,485540.6922
569000050,566398.2385
4217400540,730964.287
2310000380,277349.903
4137050130,298877.0838
7212660520,253407.5567
3876200100,414102.6192
923059252,467318.1652
7548300425,436489.5155
1928300640,608132.166
3447000060,573640.2673
7338402690,363805.4281
8024202520,460276.5001
259800610,535606.4784
7852020250,676562.2515
6840700165,293206.9949
8100000090,314732.3308
1377300135,484184.8737
9842300095,382826.6124
7151700360,1009533.309
7202330280,369224.6685
8944300010,220524.3707
339600290,366192.6765
2202500110,504316.4477
9126100487,530492.1036
9286100200,409178.9496
7304300470,374233.2974
9359100750,1115423.934
8682262170,396431.9683
1310900260,336840.0389
1102000237,670728.9812
6762700340,803332.0223
3363900111,552590.5101
2310050040,321293.6533
1552800280,308882.2569
8564860280,468677.1288
1545801970,294304.6211
1515920090,384926.5059
510001280,768164.0952
5347200060,338391.5519
194000145,811450.0102
3592500866,1174521.167
7203220130,887119.4365
1085623640,377685.2364
4178500440,256203.0211
930000470,839951.585
2597520900,718658.2287
5072200040,496946.4459
1196002948,436366.4771
8732800100,282184.6486
629810720,865330.4122
5151600195,296544.6153
1771000540,310135.0299
7003200120,498362.5325
8026200080,366779.6467
1321730470,322464.3199
7129300595,349139.3787
3845100620,379797.8879
3756500180,380386.4181
3649100676,570883.7883
731500200,337426.5566
7338402850,355965.4124
464001025,740435.8864
2154900040,257867.8592
5537200043,245723.5918
5550300175,274300.5545
424069279,1392241.303
9406500540,254710.7402
9286730020,1683295.72
2114700040,405363.3274
6163900073,248709.3705
1243100191,559352.3041
3300701285,446945.8606
3797002575,556208.4849
6840701160,655694.1798
1337800665,1456996.39
1136100087,938507.4585
6414600232,422877.5215
1931300090,549252.0974
326069131,576461.7329
9536602080,195188.7342
2767603215,617806.2627
9214400120,430129.0075
6457000080,283005.1888
3343301490,1035764.614
9520900230,535155.5023
3123089027,609598.8478
121039083,509061.1365
3432501315,291944.1605
9268710220,197379.3154
486000085,943630.7341
6054650070,395420.1424
7504021490,997389.1847
844000965,261252.2228
1545804240,277159.4888
236400260,243350.935
9178600810,563608.5066
5126300510,438204.6924
1923300170,627097.6794
1023079147,597971.0178
6926700225,791820.1361
6071300550,602765.1141
3649100315,402854.7131
1373800295,1752214.775
5652600185,716864.1852
1138000830,419731.8933
1438000430,433708.7079
1189000910,506534.8529
2568200740,734623.3889
798000457,265448.668
1245500691,389737.6555
1088810040,660984.7276
408100110,325205.2776
9266700295,516224.9703
2011400230,587150.5507
7203220400,785896.4263
8084400010,592433.3008
579000595,658265.9089
1924059248,1350129.672
3797002585,491802.2227
7520000020,255959.9444
9297300045,633181.4801
1722059021,303254.8893
5035300325,1123300.12
2720000120,306595.102
2222059065,322360.3637
1568100920,1224384.084
807800020,287541.3108
629600130,599412.1342
2206700280,394602.0015
7852010670,674261.8619
1787250210,376629.1166
8650300190,625746.7075
2450000275,706450.9955
4233400340,276776.8013
1823049179,365109.6544
7202430110,709554.8431
1196002395,429214.0095
1771000950,364954.5971
1026069095,865193.0288
1934800086,524671.1699
6072760670,675525.6008
9297800165,518059.0768
1432701510,253117.9913
6306100190,262299.5632
2725069121,902407.2548
3211200420,304256.5448
3295900490,421508.3646
2524049250,1310603.939
5249802460,376111.2341
2325069032,1171721.616
3362401758,491224.8687
3222069153,290192.7207
4024101478,434203.6844
4279600010,641939.5967
952003350,412679.4976
3346300356,499973.1382
2460600040,194818.894
7010701016,488242.2482
8682290670,589091.284
4083801785,471376.8284
2767601100,603673.2315
7950302995,390066.2263
3013300685,745558.0774
3298201290,325772.473
8122600245,345686.6809
3971700390,372214.5827
1549500585,467538.4547
1233100642,635803.78
936000055,455652.0235
7853301930,412465.8034
9310300175,403106.2791
2769602710,566675.1182
8077210350,608374.6155
526059183,424959.9541
9492500170,898034.1433
4099100260,813551.992
3034200410,337407.8897
3364900375,573500.7037
2473380920,300362.0555
3520069033,308537.6763
1865400076,357747.8849
9238900616,571469.261
8039900400,392168.1154
3356407665,219084.6958
2771602428,513380.849
6072400470,557521.76
3395041206,355785.4973
7212680080,250304.839
2011400019,312865.7736
1724069059,1784134.475
1786640030,323879.6355
2021201085,1084815.832
2114700540,256608.9104
7697870600,254859.2663
7888780090,267790.4423
2125059013,2355725.512
1624049293,404604.264
